"id","course_id","student_id","added",
"1","18","1","2007-09-29 22:51:57",
"2","10","2","1993-07-20 12:47:13",
"3","17","3","2003-05-04 16:15:47",
"4","15","4","1983-09-17 20:27:21",
"5","16","5","1999-06-01 04:34:26",
"6","5","6","1997-03-03 01:54:08",
"7","9","7","2013-09-05 17:31:36",
"8","11","8","1993-06-16 00:12:09",
"9","3","9","2020-08-20 07:22:14",
"10","6","10","2000-06-23 08:45:48",
"11","17","11","2014-02-07 20:40:17",
"12","6","12","2020-06-13 12:31:01",
"13","8","13","2000-06-25 15:25:21",
"14","5","14","1972-12-29 23:43:25",
"15","10","15","2019-08-28 21:15:02",
"16","16","16","2015-09-10 14:01:00",
"17","1","17","2006-11-16 08:08:21",
"18","6","18","2015-01-20 07:24:52",
"19","20","19","2011-11-10 04:11:56",
"20","19","20","1984-05-13 19:40:29",
"21","14","21","1989-08-24 14:24:03",
"22","10","22","2004-06-26 23:37:57",
"23","4","23","2014-12-11 08:55:05",
"24","1","24","1989-09-23 02:27:38",
"25","18","25","2013-04-19 00:54:32",
"26","8","26","1976-06-11 23:11:24",
"27","1","27","1996-09-18 07:54:47",
"28","11","28","1976-01-14 12:38:15",
"29","12","29","1999-10-03 19:47:23",
"30","5","30","1987-07-09 09:17:36",
"31","15","31","2000-04-13 19:43:03",
"32","7","32","2015-09-24 01:10:53",
"33","6","33","2020-02-15 04:05:37",
"34","6","34","1975-09-10 03:20:56",
"35","12","35","2005-07-27 19:13:12",
"36","10","36","1994-12-12 07:04:07",
"37","8","37","1985-01-30 02:35:53",
"38","5","38","1974-01-25 16:19:04",
"39","18","39","1987-03-13 16:01:27",
"40","3","40","2012-03-16 09:23:45",
"41","16","41","1976-10-03 07:07:37",
"42","17","42","2021-10-07 17:36:20",
"43","2","43","2021-01-06 11:21:39",
"44","4","44","2001-12-25 03:06:47",
"45","12","45","2001-05-29 02:04:26",
"46","19","46","2016-08-25 18:04:32",
"47","14","47","1989-03-02 01:06:47",
"48","19","48","1996-03-26 23:13:14",
"49","11","49","1987-08-06 15:29:37",
"50","18","50","2021-10-21 23:55:14",
"51","4","51","1974-01-02 19:19:24",
"52","18","52","1976-08-21 02:22:40",
"53","11","53","2017-06-09 11:48:30",
"54","1","54","1996-08-12 02:03:19",
"55","2","55","2016-11-23 13:13:35",
"56","1","56","1998-02-20 06:44:17",
"57","12","57","1973-03-27 06:49:26",
"58","20","58","1987-06-01 12:19:26",
"59","4","59","1991-12-03 05:00:36",
"60","9","60","2020-12-13 00:54:07",
"61","8","61","2013-06-24 12:46:30",
"62","5","62","2003-01-11 21:12:40",
"63","11","63","1995-08-12 13:11:31",
"64","14","64","1973-08-10 07:09:30",
"65","20","65","2020-05-10 14:45:47",
"66","1","66","1977-11-14 14:26:06",
"67","5","67","1995-11-17 07:26:37",
"68","17","68","2010-09-17 22:10:01",
"69","9","69","2014-03-29 22:03:11",
"70","15","70","2006-08-02 02:11:20",
"71","2","71","1974-01-19 20:01:27",
"72","13","72","2003-12-21 13:26:31",
"73","15","73","1980-10-12 21:52:09",
"74","5","74","2007-01-09 23:29:25",
"75","1","75","1994-10-18 15:40:44",
"76","18","76","1983-05-15 13:17:57",
"77","11","77","2012-06-07 09:04:48",
"78","8","78","1979-08-10 08:59:50",
"79","17","79","2004-05-20 09:33:20",
"80","2","80","2006-01-07 23:22:04",
"81","15","81","2016-12-18 06:26:38",
"82","6","82","1979-07-23 12:02:35",
"83","6","83","1988-10-16 20:30:56",
"84","5","84","1989-03-17 22:24:00",
"85","20","85","2006-12-01 19:06:34",
"86","11","86","1997-10-05 05:02:31",
"87","6","87","1993-05-28 10:17:44",
"88","3","88","2015-02-08 03:16:36",
"89","14","89","1981-05-13 11:04:17",
"90","6","90","2012-04-04 15:58:07",
"91","19","91","1976-09-28 02:52:00",
"92","8","92","2014-07-22 11:32:48",
"93","11","93","1996-01-15 20:57:27",
"94","8","94","1974-06-06 05:43:10",
"95","2","95","1988-02-19 08:52:22",
"96","9","96","2010-11-22 22:57:42",
"97","19","97","2009-08-12 13:35:30",
"98","20","98","1976-04-23 17:36:38",
"99","9","99","1971-04-02 07:05:25",
"100","15","100","1990-09-05 13:34:14",
"101","3","101","1984-10-12 17:56:32",
"102","3","102","1975-05-08 10:35:43",
"103","12","103","1972-07-16 16:14:32",
"104","14","104","1995-06-22 12:08:14",
"105","9","105","1993-10-20 11:18:47",
"106","7","106","1993-07-05 04:34:40",
"107","5","107","2006-10-09 02:54:22",
"108","11","108","2020-03-15 03:46:09",
"109","7","109","2013-08-10 14:50:32",
"110","2","110","1984-10-22 02:57:38",
"111","12","111","1981-05-19 07:25:43",
"112","15","112","2014-12-29 16:31:24",
"113","18","113","1980-03-22 05:37:46",
"114","12","114","2006-11-22 17:53:41",
"115","7","115","1988-08-06 13:56:33",
"116","19","116","1982-11-04 16:26:53",
"117","12","117","1971-01-31 21:38:59",
"118","20","118","1988-02-17 11:25:02",
"119","19","119","2007-01-19 21:27:56",
"120","12","120","1995-06-27 17:35:08",
"121","14","121","1997-06-25 10:57:06",
"122","9","122","1980-10-09 12:40:19",
"123","1","123","1982-10-26 19:48:11",
"124","1","124","1977-06-23 05:20:03",
"125","20","125","2017-09-16 00:07:21",
"126","4","126","1988-11-07 06:52:39",
"127","7","127","1979-05-11 01:58:23",
"128","4","128","2010-06-03 23:49:29",
"129","10","129","2009-10-27 22:43:15",
"130","17","130","2018-08-18 20:23:55",
"131","7","131","1973-02-01 14:18:26",
"132","5","132","1972-05-02 16:25:07",
"133","7","133","1987-12-30 05:15:59",
"134","5","134","1975-05-18 10:53:51",
"135","15","135","2009-07-17 15:53:52",
"136","18","136","1987-08-18 11:35:56",
"137","7","137","1974-08-20 04:04:37",
"138","9","138","1992-12-01 22:27:32",
"139","2","139","2020-11-01 22:39:11",
"140","17","140","1997-09-25 16:44:23",
"141","18","141","1972-09-21 06:41:34",
"142","15","142","2013-01-04 22:31:58",
"143","17","143","1993-08-24 01:19:17",
"144","7","144","1976-06-28 22:49:30",
"145","15","145","1976-05-22 16:29:51",
"146","4","146","1993-10-27 15:32:33",
"147","9","147","1979-12-05 12:11:48",
"148","6","148","1997-09-05 06:12:40",
"149","17","149","1992-03-30 18:12:48",
"150","8","150","1994-03-22 06:56:14",
"151","17","151","1972-12-10 15:57:07",
"152","10","152","2011-11-02 20:40:04",
"153","9","153","2004-11-11 05:47:48",
"154","13","154","1980-08-30 16:50:34",
"155","3","155","2010-06-16 03:34:34",
"156","18","156","1972-09-19 17:55:45",
"157","5","157","1974-07-13 14:12:32",
"158","18","158","2006-09-30 05:10:10",
"159","4","159","1974-12-05 20:19:14",
"160","1","160","1983-03-29 15:31:17",
"161","7","161","1996-11-13 15:43:49",
"162","7","162","2004-10-12 03:18:00",
"163","6","163","1994-12-05 02:22:58",
"164","13","164","1998-10-26 07:43:19",
"165","12","165","1999-04-02 23:57:17",
"166","13","166","2014-09-29 00:22:13",
"167","1","167","2016-01-06 17:29:17",
"168","16","168","2007-05-24 07:41:33",
"169","18","169","1996-03-08 15:56:44",
"170","11","170","1990-08-31 20:25:54",
"171","7","171","1985-09-22 14:46:01",
"172","14","172","1979-10-18 05:18:39",
"173","15","173","1990-05-22 07:27:11",
"174","8","174","1995-11-09 23:00:43",
"175","1","175","2013-11-18 04:05:21",
"176","1","176","1998-04-08 03:31:43",
"177","14","177","1981-11-29 12:54:00",
"178","18","178","2012-08-15 03:41:40",
"179","14","179","2009-05-05 05:15:55",
"180","17","180","2003-04-07 08:45:12",
"181","6","181","1999-05-02 05:52:03",
"182","14","182","2000-03-18 20:03:57",
"183","20","183","2017-05-15 09:51:13",
"184","10","184","2003-12-18 04:13:19",
"185","14","185","2017-12-13 18:44:57",
"186","13","186","1983-07-26 21:16:35",
"187","2","187","2017-06-21 03:46:15",
"188","8","188","1985-04-07 16:21:22",
"189","7","189","1988-09-21 06:09:21",
"190","5","190","2012-02-14 12:30:42",
"191","7","191","1991-02-20 23:56:30",
"192","2","192","1986-09-04 01:25:53",
"193","20","193","2006-12-23 09:52:02",
"194","3","194","1979-09-18 02:13:57",
"195","3","195","1975-03-27 06:04:26",
"196","4","196","1970-08-15 22:40:31",
"197","8","197","2007-06-28 19:16:03",
"198","17","198","2007-06-07 04:10:31",
"199","18","199","1995-06-21 05:15:50",
"200","19","200","1971-01-28 08:31:29",
"201","8","201","2014-07-04 17:22:39",
"202","18","202","1970-06-27 03:42:30",
"203","8","203","1996-04-17 22:44:45",
"204","19","204","1993-11-22 08:58:52",
"205","7","205","1983-07-18 05:19:28",
"206","10","206","1974-10-12 12:12:02",
"207","7","207","1997-03-27 15:48:14",
"208","8","208","1982-05-13 21:32:38",
"209","5","209","1993-11-12 18:07:37",
"210","20","210","2010-08-09 22:34:57",
"211","8","211","1994-01-21 19:47:44",
"212","8","212","1986-05-11 17:35:43",
"213","14","213","1977-05-29 06:16:45",
"214","18","214","1979-06-18 15:20:16",
"215","9","215","2004-12-30 22:36:33",
"216","12","216","1974-09-12 04:56:18",
"217","3","217","1993-09-03 03:19:58",
"218","19","218","1981-07-28 10:29:39",
"219","1","219","1971-10-11 00:20:47",
"220","19","220","2014-09-20 09:11:48",
"221","12","221","2018-04-18 17:58:56",
"222","9","222","1989-06-22 10:32:29",
"223","7","223","1993-07-19 11:40:31",
"224","2","224","1982-04-09 12:40:58",
"225","9","225","1984-06-20 15:44:49",
"226","6","226","1996-02-05 03:26:31",
"227","17","227","1973-06-03 22:39:44",
"228","6","228","2012-05-09 00:34:07",
"229","17","229","2010-05-27 23:52:17",
"230","13","230","2009-04-30 00:03:24",
"231","3","231","2013-08-16 08:51:49",
"232","6","232","2006-05-04 13:21:59",
"233","12","233","1984-01-17 14:38:26",
"234","9","234","2015-06-21 18:22:29",
"235","19","235","1995-06-09 07:38:46",
"236","17","236","2014-01-09 23:49:03",
"237","17","237","2017-07-23 23:25:50",
"238","19","238","1978-04-02 18:11:18",
"239","5","239","2015-04-20 19:15:28",
"240","16","240","2018-01-15 03:24:54",
"241","2","241","2021-03-03 19:34:55",
"242","10","242","1986-12-29 04:25:28",
"243","14","243","2021-09-28 10:20:30",
"244","19","244","1981-08-07 03:20:36",
"245","19","245","2002-11-18 22:15:42",
"246","8","246","1988-07-25 12:34:55",
"247","4","247","1985-03-03 19:30:07",
"248","20","248","1973-09-14 13:31:06",
"249","14","249","1994-11-21 04:44:29",
"250","19","250","1992-12-26 01:56:55",
"251","3","251","2014-06-06 15:07:29",
"252","5","252","1973-09-13 02:13:42",
"253","15","253","2010-07-22 15:40:54",
"254","3","254","1983-08-18 18:17:38",
"255","11","255","2011-03-01 21:43:38",
"256","3","256","2005-06-23 08:37:40",
"257","10","257","1996-09-01 17:33:46",
"258","13","258","2013-06-24 22:47:39",
"259","8","259","2010-02-11 19:02:06",
"260","3","260","1974-03-15 11:44:05",
"261","3","261","1988-09-06 02:12:57",
"262","12","262","1973-04-22 11:19:20",
"263","16","263","1997-05-24 06:57:49",
"264","5","264","1973-12-19 10:29:18",
"265","4","265","2003-11-17 16:24:54",
"266","14","266","2021-10-18 01:46:36",
"267","3","267","2005-04-19 04:56:16",
"268","4","268","1976-12-15 22:39:20",
"269","8","269","2007-02-12 03:23:01",
"270","16","270","1996-12-20 01:49:27",
"271","8","271","2010-10-05 02:31:12",
"272","16","272","2009-10-23 12:09:45",
"273","12","273","1976-11-14 00:32:44",
"274","4","274","2000-07-16 20:09:51",
"275","9","275","1973-01-05 09:43:49",
"276","4","276","2004-10-22 01:05:47",
"277","16","277","1992-06-20 02:06:09",
"278","5","278","1976-01-30 18:32:24",
"279","5","279","1972-12-02 09:37:49",
"280","10","280","2014-03-18 02:05:49",
"281","12","281","1981-11-08 06:41:39",
"282","17","282","2020-10-25 08:38:20",
"283","2","283","2014-12-20 02:30:38",
"284","8","284","1973-04-26 01:40:17",
"285","12","285","1981-03-25 00:11:01",
"286","13","286","1999-01-10 14:02:41",
"287","18","287","1977-05-30 00:27:31",
"288","18","288","1994-08-31 01:46:24",
"289","19","289","2011-05-09 04:54:34",
"290","6","290","2018-08-13 09:35:50",
"291","15","291","1973-10-08 18:55:32",
"292","7","292","1984-10-17 13:28:57",
"293","14","293","1971-02-16 17:22:04",
"294","10","294","1998-10-10 14:53:15",
"295","8","295","2002-05-07 17:48:13",
"296","17","296","1991-07-09 08:02:21",
"297","2","297","1989-03-04 23:51:08",
"298","17","298","2017-09-16 17:05:56",
"299","12","299","2020-01-27 21:49:49",
"300","19","300","2009-08-31 00:42:26",
"301","12","301","2011-04-30 03:28:19",
"302","16","302","1981-04-14 18:41:52",
"303","3","303","1985-01-19 15:09:13",
"304","3","304","1973-11-11 01:35:58",
"305","6","305","1987-09-23 06:08:45",
"306","16","306","1980-03-28 00:00:25",
"307","2","307","1996-07-20 01:38:37",
"308","7","308","1999-03-25 16:06:30",
"309","14","309","1979-03-24 11:46:26",
"310","18","310","1999-05-28 18:23:44",
"311","12","311","2010-08-16 17:56:33",
"312","17","312","1978-07-20 04:59:06",
"313","3","313","2019-01-27 08:54:36",
"314","13","314","2002-10-15 08:38:13",
"315","10","315","1997-04-15 03:48:24",
"316","1","316","1988-10-29 05:10:17",
"317","1","317","1999-01-26 20:40:49",
"318","3","318","2021-05-14 00:20:05",
"319","15","319","1988-11-11 10:34:05",
"320","12","320","1978-10-16 07:48:25",
"321","20","321","2010-04-27 23:45:47",
"322","13","322","1996-12-10 00:16:33",
"323","12","323","2009-06-17 03:17:39",
"324","14","324","1988-03-28 05:58:35",
"325","14","325","2021-11-01 03:57:44",
"326","19","326","1982-06-20 04:39:43",
"327","16","327","2007-11-16 17:37:39",
"328","17","328","1983-07-12 10:12:30",
"329","1","329","2015-09-15 21:51:15",
"330","3","330","2010-11-17 01:07:19",
"331","19","331","2013-11-06 15:56:28",
"332","6","332","2018-09-13 18:09:15",
"333","15","333","2004-06-06 02:30:17",
"334","2","334","1978-05-26 09:11:02",
"335","7","335","1996-12-17 06:47:06",
"336","14","336","1987-07-24 02:40:43",
"337","2","337","1982-10-08 19:39:30",
"338","7","338","1978-10-08 11:24:48",
"339","8","339","1979-09-29 15:12:41",
"340","3","340","2020-04-20 23:24:51",
"341","17","341","1972-09-14 02:56:52",
"342","11","342","1989-08-03 17:31:48",
"343","9","343","2019-07-07 10:41:38",
"344","19","344","2011-08-10 21:03:59",
"345","13","345","2002-03-24 08:48:24",
"346","7","346","2005-06-21 15:26:25",
"347","3","347","2015-01-25 22:38:46",
"348","13","348","1990-10-01 11:09:52",
"349","5","349","2004-02-23 14:21:04",
"350","4","350","1976-11-03 17:06:10",
"351","1","351","2000-06-12 11:56:42",
"352","16","352","1980-01-16 22:29:24",
"353","16","353","2005-09-06 07:44:56",
"354","7","354","2006-07-30 17:34:51",
"355","1","355","1981-10-13 11:41:50",
"356","3","356","2016-03-07 07:20:01",
"357","2","357","1976-11-15 14:42:22",
"358","1","358","1989-04-16 08:01:47",
"359","14","359","1979-08-02 14:51:40",
"360","9","360","2013-06-25 12:48:49",
"361","12","361","2014-12-07 08:08:29",
"362","7","362","2007-06-01 03:09:32",
"363","8","363","2019-11-15 18:14:26",
"364","5","364","2008-02-23 00:27:34",
"365","19","365","1979-04-28 02:56:50",
"366","13","366","1970-08-23 01:03:45",
"367","3","367","1982-02-06 14:39:35",
"368","2","368","1995-10-22 01:35:37",
"369","6","369","2007-11-14 23:07:14",
"370","15","370","2005-02-11 16:09:23",
"371","15","371","2016-03-02 16:44:32",
"372","14","372","1988-06-26 05:01:02",
"373","5","373","1999-04-06 11:27:19",
"374","5","374","1973-08-20 08:50:43",
"375","1","375","1998-09-14 01:44:06",
"376","8","376","2021-11-07 19:39:37",
"377","7","377","2015-01-13 15:46:40",
"378","15","378","2015-02-24 23:02:47",
"379","5","379","1990-10-12 19:52:27",
"380","10","380","1992-10-29 18:54:00",
"381","20","381","2015-01-25 08:13:38",
"382","1","382","2011-02-13 01:13:43",
"383","8","383","1987-01-27 08:59:08",
"384","15","384","1979-12-26 04:43:45",
"385","4","385","2021-01-18 07:58:09",
"386","1","386","2019-08-03 07:05:00",
"387","13","387","1988-09-13 22:19:00",
"388","5","388","1977-12-27 12:52:46",
"389","17","389","2012-08-03 17:57:04",
"390","5","390","1999-10-28 05:57:48",
"391","1","391","2013-12-01 02:24:21",
"392","12","392","2002-06-08 03:21:48",
"393","17","393","2010-11-25 17:46:58",
"394","10","394","1989-06-30 03:59:09",
"395","3","395","1990-05-28 10:44:24",
"396","14","396","1995-02-15 05:54:49",
"397","2","397","1989-11-18 13:15:02",
"398","8","398","1995-01-16 23:59:35",
"399","15","399","1991-06-04 15:10:19",
"400","7","400","2000-06-05 07:46:11",
"401","3","401","1977-05-25 14:11:16",
"402","5","402","1971-01-08 09:39:27",
"403","20","403","1987-04-28 17:19:59",
"404","1","404","2015-06-15 11:37:41",
"405","4","405","2017-09-10 12:56:44",
"406","5","406","1998-06-18 01:34:56",
"407","11","407","2013-09-12 10:08:18",
"408","1","408","1995-10-02 04:06:48",
"409","16","409","1982-02-03 23:46:16",
"410","5","410","1971-08-26 01:13:09",
"411","10","411","2003-01-27 16:50:49",
"412","5","412","1981-09-20 18:45:39",
"413","17","413","1982-09-08 22:39:53",
"414","13","414","1990-09-14 11:24:03",
"415","11","415","1971-04-04 13:31:02",
"416","6","416","1982-09-23 03:51:08",
"417","1","417","1973-12-08 11:56:00",
"418","17","418","1982-03-11 02:14:36",
"419","5","419","1983-06-11 13:31:28",
"420","16","420","2012-01-28 11:32:53",
"421","4","421","1978-02-07 20:39:41",
"422","13","422","2008-02-14 19:00:24",
"423","11","423","1980-10-02 02:50:35",
"424","5","424","1997-05-15 00:25:44",
"425","18","425","1998-09-01 04:37:47",
"426","14","426","2005-05-09 11:34:47",
"427","10","427","2006-09-13 06:30:46",
"428","1","428","1972-04-10 05:31:32",
"429","10","429","2009-02-02 17:34:38",
"430","16","430","1991-02-05 01:20:34",
"431","14","431","2016-09-01 13:47:54",
"432","11","432","1980-08-07 23:34:27",
"433","3","433","1996-11-20 14:38:57",
"434","3","434","1970-05-17 23:29:53",
"435","16","435","2019-03-30 18:27:07",
"436","4","436","1992-03-14 17:22:04",
"437","13","437","2009-09-22 12:17:38",
"438","2","438","2007-12-15 07:28:06",
"439","14","439","2008-09-06 18:25:08",
"440","1","440","2021-11-11 14:37:17",
"441","20","441","2015-08-28 19:43:49",
"442","10","442","1989-08-16 09:47:43",
"443","8","443","1992-11-15 20:12:24",
"444","11","444","2005-11-06 05:17:06",
"445","16","445","1991-02-09 09:37:14",
"446","17","446","1981-06-18 12:15:53",
"447","10","447","1984-10-01 22:08:47",
"448","12","448","2015-12-18 17:44:28",
"449","12","449","1975-07-21 23:43:35",
"450","19","450","1983-03-02 22:41:57",
"451","15","451","2019-07-28 10:36:23",
"452","13","452","2021-03-01 16:16:16",
"453","9","453","1978-01-24 10:05:32",
"454","5","454","2005-03-16 00:25:55",
"455","9","455","1988-08-11 18:31:18",
"456","6","456","1999-11-30 05:41:01",
"457","7","457","2002-07-22 21:46:32",
"458","4","458","1973-04-07 08:27:35",
"459","19","459","1982-12-31 11:59:49",
"460","17","460","1975-01-28 20:01:22",
"461","18","461","1978-12-17 23:59:28",
"462","9","462","1999-06-13 20:36:41",
"463","12","463","1978-12-25 19:10:40",
"464","12","464","2005-04-02 06:04:53",
"465","20","465","1972-06-12 02:06:17",
"466","16","466","1986-07-18 22:52:12",
"467","2","467","1986-12-30 00:50:07",
"468","13","468","1986-03-09 20:53:20",
"469","5","469","1975-12-07 00:33:35",
"470","6","470","1989-12-29 03:58:50",
"471","17","471","1979-07-18 21:23:51",
"472","18","472","2006-12-08 01:17:00",
"473","7","473","2017-08-05 18:50:35",
"474","16","474","1992-09-15 21:42:25",
"475","6","475","1971-04-04 08:37:11",
"476","9","476","2016-05-02 21:57:01",
"477","12","477","2012-12-29 15:12:23",
"478","13","478","2013-12-17 21:30:15",
"479","16","479","2011-07-05 07:38:00",
"480","14","480","2020-06-18 21:19:32",
"481","14","481","1992-08-21 15:14:27",
"482","18","482","2002-02-08 08:44:50",
"483","3","483","2021-11-10 17:24:00",
"484","9","484","1982-04-29 06:59:32",
"485","5","485","1979-11-17 05:21:21",
"486","1","486","2011-02-09 02:57:43",
"487","16","487","2001-06-09 12:26:50",
"488","3","488","1993-08-05 02:57:45",
"489","3","489","1987-02-07 21:40:42",
"490","18","490","2013-06-15 06:12:07",
"491","17","491","1989-08-29 00:24:07",
"492","13","492","1990-04-16 01:09:38",
"493","11","493","2002-03-26 05:27:20",
"494","14","494","1976-02-01 07:01:37",
"495","1","495","2011-01-04 15:46:25",
"496","16","496","1981-02-18 08:30:56",
"497","6","497","1996-09-22 18:18:10",
"498","2","498","2019-07-31 09:58:37",
"499","14","499","2005-07-16 22:54:44",
"500","4","500","2012-02-13 10:48:53",
"501","14","501","2015-07-15 21:38:16",
"502","7","502","1998-06-24 01:07:38",
"503","19","503","2014-08-26 06:28:57",
"504","9","504","2018-12-08 05:27:42",
"505","1","505","2006-04-18 23:15:57",
"506","1","506","1988-04-25 03:14:35",
"507","13","507","2005-03-11 01:39:26",
"508","3","508","1975-03-24 23:56:54",
"509","19","509","1978-05-27 00:40:40",
"510","17","510","1970-04-23 03:10:29",
"511","5","511","2021-11-24 18:19:36",
"512","19","512","2006-09-26 15:11:06",
"513","2","513","1972-06-20 19:41:52",
"514","14","514","1984-01-13 22:59:26",
"515","10","515","1989-08-15 06:05:15",
"516","15","516","1973-12-05 09:50:16",
"517","15","517","1982-09-19 13:12:42",
"518","4","518","2009-04-16 15:20:30",
"519","12","519","1995-12-06 04:16:39",
"520","15","520","1979-02-26 14:13:46",
"521","10","521","2004-01-31 21:36:48",
"522","15","522","1988-01-25 14:03:51",
"523","3","523","2017-04-24 20:33:42",
"524","11","524","1997-09-18 03:24:59",
"525","9","525","1986-01-05 10:30:26",
"526","1","526","1980-08-21 05:15:13",
"527","13","527","2019-08-23 01:12:31",
"528","11","528","2020-06-10 14:47:45",
"529","2","529","1986-09-06 18:28:55",
"530","13","530","2021-07-16 15:48:50",
"531","10","531","2001-12-31 15:32:08",
"532","9","532","1996-12-23 16:20:18",
"533","5","533","1977-05-30 10:47:58",
"534","11","534","1974-04-16 21:41:08",
"535","12","535","2009-06-16 09:29:45",
"536","14","536","1977-03-14 06:51:14",
"537","12","537","2013-03-05 14:14:56",
"538","10","538","1998-01-01 01:38:52",
"539","10","539","1998-01-23 20:28:54",
"540","13","540","2009-06-13 02:25:19",
"541","2","541","1995-10-11 01:57:11",
"542","6","542","1983-11-30 17:28:18",
"543","17","543","2010-01-15 18:55:18",
"544","9","544","1995-07-12 17:31:55",
"545","12","545","1998-03-30 17:40:41",
"546","14","546","2003-06-04 05:49:29",
"547","6","547","1982-02-17 22:19:38",
"548","1","548","2001-08-02 15:38:05",
"549","20","549","2016-06-28 03:16:11",
"550","8","550","2015-04-09 12:33:03",
"551","1","551","1985-03-14 21:13:06",
"552","7","552","1986-10-14 16:03:56",
"553","10","553","2005-01-10 23:01:11",
"554","19","554","1991-05-03 01:51:49",
"555","7","555","1984-05-16 15:58:36",
"556","4","556","2010-10-20 22:53:39",
"557","5","557","2021-09-30 16:16:08",
"558","9","558","1979-03-22 23:49:51",
"559","15","559","2019-07-17 05:41:30",
"560","19","560","1987-09-03 21:44:43",
"561","14","561","1971-02-17 15:22:52",
"562","4","562","2005-05-08 16:19:28",
"563","16","563","1982-08-06 09:23:42",
"564","19","564","2006-05-16 17:56:03",
"565","10","565","1982-06-24 06:10:27",
"566","17","566","1980-12-30 05:04:00",
"567","13","567","2003-07-06 09:54:25",
"568","6","568","1990-12-18 07:49:42",
"569","18","569","2011-04-11 12:52:10",
"570","11","570","2004-10-07 15:37:32",
"571","1","571","1971-12-23 16:38:59",
"572","5","572","1982-05-23 19:42:18",
"573","4","573","2003-11-02 21:38:07",
"574","3","574","1975-01-16 09:08:04",
"575","6","575","1980-05-16 04:27:17",
"576","5","576","1974-05-08 22:39:15",
"577","9","577","2020-11-12 08:03:37",
"578","11","578","2001-11-05 17:28:28",
"579","12","579","2010-10-08 23:34:26",
"580","20","580","2011-12-05 13:04:27",
"581","2","581","1998-05-14 08:25:00",
"582","3","582","1988-06-12 20:44:00",
"583","20","583","2018-11-03 07:57:55",
"584","16","584","1985-12-04 11:19:59",
"585","15","585","1980-01-27 02:42:18",
"586","20","586","1996-11-02 16:39:51",
"587","15","587","2009-07-17 20:12:37",
"588","14","588","1986-03-31 13:39:11",
"589","19","589","2020-04-25 13:42:31",
"590","14","590","1979-12-26 06:41:55",
"591","7","591","2004-12-15 21:24:22",
"592","6","592","2020-05-25 06:05:19",
"593","20","593","2010-09-08 17:17:57",
"594","7","594","2006-05-14 03:16:13",
"595","2","595","1985-09-19 18:25:26",
"596","8","596","1970-05-14 09:01:40",
"597","11","597","2006-11-20 22:57:58",
"598","9","598","2011-05-04 22:53:13",
"599","6","599","1976-10-21 20:59:13",
"600","4","600","1996-09-20 06:45:57",
"601","7","601","1971-05-02 13:48:40",
"602","15","602","1997-05-08 05:58:18",
"603","4","603","1992-08-27 03:55:54",
"604","20","604","2008-06-02 21:58:47",
"605","17","605","2017-05-20 04:23:31",
"606","4","606","1998-01-21 22:30:05",
"607","8","607","1975-07-15 02:56:36",
"608","18","608","2020-06-26 03:51:46",
"609","3","609","1985-03-26 17:40:20",
"610","12","610","1995-02-20 18:38:38",
"611","3","611","2000-07-30 20:18:09",
"612","15","612","2010-04-08 06:35:04",
"613","10","613","1976-04-15 22:27:35",
"614","10","614","2019-07-29 04:55:47",
"615","14","615","1980-02-23 00:05:13",
"616","12","616","2010-01-04 23:36:18",
"617","9","617","1983-08-13 19:46:01",
"618","8","618","2000-12-25 10:43:22",
"619","5","619","2001-05-13 05:07:03",
"620","18","620","1983-01-03 17:07:27",
"621","17","621","1979-11-03 13:54:06",
"622","9","622","1986-07-26 09:39:31",
"623","18","623","1985-01-20 11:11:37",
"624","3","624","2019-02-28 07:39:05",
"625","16","625","2007-09-09 08:18:46",
"626","2","626","1985-12-30 14:42:00",
"627","10","627","1985-02-04 11:30:40",
"628","1","628","2002-03-25 23:54:21",
"629","6","629","2008-11-04 04:31:32",
"630","5","630","2004-09-26 10:40:38",
"631","13","631","1998-03-08 17:45:46",
"632","11","632","2000-04-07 16:31:33",
"633","15","633","2004-12-18 07:25:41",
"634","17","634","1989-12-10 13:46:12",
"635","19","635","1974-06-16 05:21:58",
"636","2","636","1990-09-02 08:36:00",
"637","6","637","1980-03-03 11:06:03",
"638","11","638","1977-11-21 10:05:26",
"639","16","639","2002-04-06 07:04:37",
"640","15","640","2003-11-16 18:37:02",
"641","14","641","2006-12-08 17:34:23",
"642","18","642","1992-02-04 15:49:09",
"643","10","643","2005-07-06 19:27:00",
"644","1","644","1996-10-07 05:16:27",
"645","5","645","1971-08-16 02:02:22",
"646","3","646","2017-06-24 12:18:20",
"647","8","647","1996-05-30 19:14:05",
"648","17","648","1974-07-25 13:07:45",
"649","17","649","1972-03-09 02:59:20",
"650","12","650","1976-07-23 10:05:34",
"651","5","651","2011-09-17 10:47:21",
"652","16","652","1989-10-16 23:36:33",
"653","13","653","2016-10-10 11:15:27",
"654","6","654","2015-10-28 11:16:13",
"655","19","655","2001-06-21 09:11:49",
"656","2","656","1973-06-20 04:56:12",
"657","13","657","2003-05-13 04:52:01",
"658","6","658","2012-12-03 19:54:26",
"659","2","659","2020-04-29 21:48:43",
"660","9","660","1970-09-21 14:48:59",
"661","2","661","1989-11-12 08:45:44",
"662","1","662","2006-06-09 11:35:36",
"663","1","663","2001-04-02 01:14:31",
"664","3","664","1987-12-13 03:46:49",
"665","17","665","2013-10-19 15:47:21",
"666","6","666","2018-05-06 16:19:34",
"667","20","667","2017-01-28 06:20:54",
"668","1","668","1987-10-02 09:44:03",
"669","14","669","1973-08-15 16:24:25",
"670","10","670","1985-11-17 06:09:36",
"671","2","671","2021-07-04 13:24:15",
"672","16","672","1981-03-31 15:45:41",
"673","10","673","2004-08-27 22:42:58",
"674","16","674","1973-08-14 00:24:02",
"675","12","675","1972-01-11 03:52:07",
"676","10","676","1981-09-21 13:46:10",
"677","1","677","1998-09-06 06:57:11",
"678","7","678","2010-05-10 00:11:32",
"679","7","679","1993-08-28 05:27:10",
"680","10","680","2010-03-05 07:56:51",
"681","1","681","2002-06-20 16:06:59",
"682","4","682","2019-12-01 09:07:26",
"683","11","683","2019-06-09 19:35:39",
"684","6","684","2009-12-03 22:43:05",
"685","20","685","2013-01-30 03:21:42",
"686","16","686","2020-10-27 20:40:49",
"687","17","687","1983-01-05 14:26:48",
"688","6","688","1984-02-14 19:33:18",
"689","4","689","1974-05-12 15:21:40",
"690","11","690","1996-11-06 06:22:36",
"691","3","691","2014-12-05 11:32:33",
"692","7","692","1986-04-22 05:24:34",
"693","17","693","1999-03-26 20:54:23",
"694","20","694","1987-11-18 18:32:22",
"695","17","695","1992-01-02 01:00:23",
"696","8","696","1989-04-30 20:42:36",
"697","12","697","1994-07-14 22:54:04",
"698","14","698","2009-10-04 00:22:52",
"699","6","699","2017-09-20 08:36:31",
"700","6","700","1990-10-22 09:44:59",
"701","15","701","1974-07-01 03:38:51",
"702","4","702","1980-10-06 19:16:16",
"703","11","703","1987-09-18 17:11:06",
"704","12","704","1976-04-06 00:23:40",
"705","15","705","1978-11-12 02:53:48",
"706","16","706","1995-01-27 18:25:43",
"707","2","707","1978-10-20 01:31:25",
"708","19","708","2006-10-15 03:06:54",
"709","6","709","1992-01-11 01:04:39",
"710","6","710","1974-03-04 20:48:52",
"711","19","711","2018-05-12 23:12:03",
"712","9","712","1987-03-18 18:03:33",
"713","2","713","2016-02-24 00:45:31",
"714","7","714","2015-10-25 13:38:41",
"715","1","715","2021-12-12 01:16:51",
"716","1","716","2021-02-12 17:39:29",
"717","20","717","1979-07-28 14:56:15",
"718","10","718","1978-08-23 03:41:46",
"719","14","719","1977-06-16 12:34:09",
"720","14","720","2013-09-14 23:02:41",
"721","19","721","1998-01-03 08:08:55",
"722","18","722","1985-07-04 21:48:26",
"723","7","723","1987-11-07 14:58:15",
"724","13","724","1981-08-14 08:00:48",
"725","2","725","1970-09-02 18:00:48",
"726","17","726","1980-08-17 13:37:40",
"727","3","727","1975-04-26 06:19:16",
"728","1","728","2021-08-11 14:04:15",
"729","15","729","2019-08-12 18:55:36",
"730","12","730","2001-05-16 01:55:58",
"731","8","731","1989-06-26 23:04:32",
"732","20","732","1976-11-15 19:08:59",
"733","17","733","1973-03-10 23:52:26",
"734","12","734","1991-05-18 03:40:41",
"735","16","735","1997-01-06 02:31:54",
"736","3","736","1975-05-07 18:37:36",
"737","6","737","2000-06-23 15:43:06",
"738","8","738","2007-06-13 10:44:54",
"739","10","739","1986-07-09 01:54:16",
"740","3","740","1978-06-03 22:44:48",
"741","15","741","2019-06-03 14:40:47",
"742","17","742","1997-10-13 11:32:32",
"743","16","743","1997-02-01 05:34:59",
"744","7","744","1990-07-18 06:21:37",
"745","18","745","1986-07-03 15:44:11",
"746","1","746","2001-06-11 13:16:14",
"747","10","747","1984-02-02 11:44:08",
"748","15","748","1970-01-26 07:23:54",
"749","16","749","1989-09-24 19:58:35",
"750","4","750","1981-11-28 06:06:15",
"751","17","751","1995-09-08 11:59:35",
"752","20","752","2017-01-02 00:35:01",
"753","6","753","1982-04-28 09:48:09",
"754","17","754","1980-02-09 20:18:54",
"755","15","755","1997-01-28 02:32:19",
"756","20","756","1981-10-17 09:34:21",
"757","20","757","1977-04-03 17:45:53",
"758","9","758","2009-04-18 11:58:12",
"759","18","759","1998-08-05 02:53:48",
"760","5","760","2020-11-14 02:58:56",
"761","9","761","2017-07-04 13:30:20",
"762","4","762","1976-07-08 01:56:48",
"763","8","763","1989-08-15 17:35:51",
"764","12","764","2015-07-25 18:58:48",
"765","4","765","2003-01-27 21:18:17",
"766","16","766","2014-11-23 00:22:32",
"767","4","767","2018-04-05 17:10:30",
"768","5","768","2006-08-11 18:30:38",
"769","1","769","2002-11-18 09:15:47",
"770","12","770","1983-01-08 07:28:46",
"771","13","771","2002-06-18 15:29:35",
"772","15","772","2006-10-13 13:06:33",
"773","9","773","1981-01-24 13:23:42",
"774","9","774","1997-10-28 14:24:10",
"775","14","775","1983-09-18 17:11:40",
"776","19","776","1976-07-01 16:20:00",
"777","11","777","1973-02-15 20:25:47",
"778","4","778","2000-03-25 08:05:46",
"779","8","779","1996-10-20 16:05:27",
"780","5","780","2008-11-12 22:08:39",
"781","18","781","2019-01-19 14:19:05",
"782","5","782","1990-07-19 08:05:36",
"783","3","783","2020-12-28 23:34:24",
"784","8","784","1985-02-09 03:32:42",
"785","16","785","1997-02-28 02:26:20",
"786","5","786","1979-08-26 14:18:57",
"787","9","787","1990-11-19 13:32:47",
"788","13","788","1991-02-28 22:55:17",
"789","19","789","2018-11-07 16:25:05",
"790","5","790","2019-05-23 03:41:35",
"791","17","791","2012-04-13 05:44:11",
"792","5","792","2000-11-20 21:18:50",
"793","10","793","2017-01-31 23:47:43",
"794","14","794","2017-12-03 21:02:22",
"795","8","795","2016-09-09 14:36:55",
"796","10","796","1974-10-21 07:51:07",
"797","4","797","1973-11-02 10:50:29",
"798","11","798","1976-11-04 15:01:31",
"799","10","799","1971-10-19 03:58:46",
"800","14","800","1999-08-29 23:15:48",
"801","16","801","1986-11-19 20:23:49",
"802","2","802","2002-01-20 07:57:09",
"803","18","803","1992-05-04 16:20:25",
"804","3","804","2003-02-28 04:36:59",
"805","4","805","2012-02-21 02:01:36",
"806","14","806","1991-12-06 18:26:28",
"807","1","807","2006-10-19 23:08:21",
"808","8","808","1978-04-12 03:38:50",
"809","3","809","1979-04-05 06:58:39",
"810","16","810","1988-07-11 03:26:28",
"811","12","811","2004-09-11 19:26:44",
"812","3","812","1996-11-28 23:19:43",
"813","10","813","1985-09-01 05:44:24",
"814","12","814","2002-06-22 12:20:41",
"815","6","815","1970-05-20 03:45:09",
"816","17","816","2015-08-25 10:05:55",
"817","11","817","1972-07-26 02:50:56",
"818","18","818","2015-11-24 06:28:09",
"819","17","819","2021-10-10 23:19:32",
"820","20","820","2000-09-15 01:20:24",
"821","11","821","1980-09-30 08:41:42",
"822","15","822","1977-11-22 08:28:50",
"823","5","823","1977-03-05 08:48:22",
"824","20","824","1993-03-02 07:22:23",
"825","2","825","1986-06-07 21:31:04",
"826","14","826","2016-06-08 09:54:04",
"827","7","827","1977-06-05 19:09:59",
"828","12","828","2000-03-13 11:02:10",
"829","12","829","1998-03-23 18:46:30",
"830","11","830","1973-04-24 15:07:41",
"831","6","831","1982-01-31 22:05:51",
"832","12","832","1994-07-13 02:46:39",
"833","10","833","1977-03-25 19:31:53",
"834","14","834","1997-03-24 20:52:50",
"835","2","835","1975-12-11 08:46:20",
"836","3","836","1997-10-13 07:48:25",
"837","7","837","2015-03-30 20:46:26",
"838","19","838","1988-08-04 22:52:36",
"839","15","839","1977-08-13 16:34:43",
"840","4","840","1984-04-29 13:41:01",
"841","17","841","2007-09-07 00:19:39",
"842","17","842","1983-10-22 15:30:05",
"843","15","843","1995-02-21 07:00:43",
"844","3","844","2016-12-05 17:47:37",
"845","8","845","1998-05-30 23:29:08",
"846","19","846","1992-08-12 02:09:36",
"847","20","847","1986-09-26 21:28:33",
"848","3","848","2007-03-07 14:11:04",
"849","4","849","2003-09-07 00:55:54",
"850","18","850","1982-11-11 11:28:41",
"851","7","851","1975-12-16 04:28:59",
"852","19","852","1970-05-06 08:59:16",
"853","14","853","2017-07-02 22:07:43",
"854","8","854","1983-08-30 05:13:20",
"855","1","855","2004-08-02 05:17:42",
"856","17","856","1971-02-23 17:05:05",
"857","18","857","2004-07-15 21:02:13",
"858","17","858","2004-12-05 17:50:21",
"859","15","859","1975-01-01 14:25:37",
"860","10","860","2019-07-02 11:58:25",
"861","12","861","1972-06-27 20:51:06",
"862","3","862","2010-07-04 23:17:20",
"863","8","863","2003-09-06 18:12:23",
"864","10","864","1988-08-29 13:46:03",
"865","8","865","2016-04-02 04:37:00",
"866","4","866","1976-03-26 19:54:56",
"867","19","867","1995-04-08 12:09:58",
"868","19","868","1972-01-19 18:07:02",
"869","12","869","2006-01-31 01:48:29",
"870","12","870","2011-11-05 08:50:21",
"871","2","871","1980-12-07 06:04:29",
"872","8","872","2000-10-30 17:00:23",
"873","16","873","1986-01-25 17:22:19",
"874","16","874","2001-06-07 19:05:06",
"875","12","875","1970-05-19 07:53:16",
"876","7","876","2002-06-12 23:06:24",
"877","10","877","1985-06-01 23:18:29",
"878","10","878","1987-09-01 21:12:21",
"879","2","879","2004-11-07 11:00:28",
"880","10","880","1982-10-25 09:45:15",
"881","20","881","1987-07-08 15:53:59",
"882","13","882","1975-07-24 00:07:01",
"883","8","883","1993-04-05 21:00:14",
"884","13","884","2021-05-04 19:26:32",
"885","12","885","1990-01-28 03:54:31",
"886","4","886","2013-04-24 08:11:03",
"887","1","887","1972-01-20 08:51:46",
"888","6","888","1972-02-08 02:32:00",
"889","17","889","2001-06-17 09:59:59",
"890","7","890","1983-03-27 05:02:18",
"891","15","891","2002-02-18 17:51:58",
"892","1","892","2020-01-22 08:19:08",
"893","7","893","1974-11-11 08:57:44",
"894","7","894","1999-02-13 17:47:13",
"895","12","895","1990-08-19 12:11:16",
"896","17","896","2015-02-20 16:56:27",
"897","7","897","1998-09-07 09:39:52",
"898","20","898","1980-04-14 17:59:52",
"899","9","899","2000-07-11 10:02:41",
"900","4","900","1987-05-27 17:15:49",
"901","17","901","2014-08-01 04:44:23",
"902","20","902","2003-11-24 21:36:16",
"903","18","903","1989-03-20 08:46:09",
"904","7","904","1993-02-11 06:02:30",
"905","6","905","1984-05-28 07:28:57",
"906","10","906","2015-03-31 15:09:35",
"907","12","907","1971-05-11 14:09:49",
"908","8","908","2010-07-17 08:51:40",
"909","17","909","2008-02-24 11:26:53",
"910","19","910","1981-05-03 13:40:16",
"911","13","911","1994-08-27 01:56:07",
"912","9","912","1974-10-18 23:55:21",
"913","10","913","2000-02-22 07:50:50",
"914","20","914","2009-02-27 11:29:34",
"915","3","915","2020-01-29 12:24:44",
"916","15","916","2004-05-09 08:08:00",
"917","3","917","1994-10-19 12:15:40",
"918","17","918","1993-03-18 22:58:49",
"919","6","919","2018-02-12 16:17:15",
"920","14","920","1994-01-04 06:15:28",
"921","3","921","2020-11-29 07:24:14",
"922","7","922","1996-06-19 02:53:45",
"923","8","923","2007-11-24 23:33:32",
"924","8","924","1984-01-21 03:04:02",
"925","9","925","2009-11-03 10:57:46",
"926","16","926","2015-02-06 14:35:30",
"927","8","927","1981-11-13 14:23:13",
"928","1","928","1988-05-27 18:29:16",
"929","8","929","1977-12-18 11:54:17",
"930","11","930","1985-09-10 21:17:48",
"931","12","931","1979-12-26 06:55:03",
"932","7","932","1994-01-13 07:11:00",
"933","7","933","1974-06-04 03:45:56",
"934","10","934","2017-04-07 11:46:10",
"935","15","935","2008-03-09 02:08:56",
"936","8","936","1990-09-24 14:17:48",
"937","14","937","2004-08-28 11:08:38",
"938","7","938","1970-01-17 16:45:11",
"939","15","939","2011-12-22 13:27:15",
"940","5","940","2022-01-12 04:02:27",
"941","17","941","1985-07-14 22:40:18",
"942","6","942","2002-06-24 00:36:57",
"943","1","943","1984-07-04 14:33:13",
"944","9","944","1975-11-12 20:06:34",
"945","17","945","1981-04-18 08:32:34",
"946","7","946","2015-03-23 04:22:08",
"947","16","947","1975-07-15 04:56:36",
"948","2","948","2016-06-04 06:58:59",
"949","9","949","2002-11-20 23:02:10",
"950","12","950","1988-09-09 22:43:15",
"951","16","951","2014-07-28 22:50:57",
"952","10","952","2009-09-05 23:43:53",
"953","2","953","1971-06-27 00:57:41",
"954","1","954","1987-12-21 07:01:29",
"955","18","955","1984-11-19 02:35:26",
"956","19","956","1987-09-29 00:54:27",
"957","10","957","2006-08-02 16:19:20",
"958","15","958","2001-06-24 12:46:17",
"959","12","959","2000-04-20 15:36:24",
"960","19","960","2009-11-19 12:03:42",
"961","12","961","1978-08-27 18:42:07",
"962","12","962","2002-07-25 13:35:54",
"963","18","963","1992-06-06 13:43:10",
"964","4","964","2021-11-20 00:05:39",
"965","17","965","2001-08-30 15:39:56",
"966","1","966","1974-03-08 22:35:36",
"967","2","967","1970-03-04 08:31:24",
"968","5","968","1981-12-28 05:07:21",
"969","11","969","2000-07-18 15:52:02",
"970","4","970","1999-05-20 13:52:13",
"971","10","971","2015-03-02 01:22:14",
"972","18","972","2008-06-17 06:36:38",
"973","4","973","2003-12-18 15:48:41",
"974","14","974","2011-10-06 07:10:53",
"975","16","975","1988-01-13 10:41:07",
"976","13","976","2013-06-26 20:06:24",
"977","5","977","1975-08-23 22:39:35",
"978","17","978","2006-03-31 09:47:40",
"979","17","979","1973-07-24 11:42:35",
"980","4","980","2000-12-06 21:37:24",
"981","19","981","2000-09-09 06:54:46",
"982","12","982","1973-05-13 10:08:51",
"983","14","983","2013-06-10 04:22:57",
"984","7","984","2019-07-19 07:52:07",
"985","7","985","1973-09-01 22:35:04",
"986","13","986","2012-06-20 15:40:50",
"987","16","987","1985-10-20 22:12:54",
"988","5","988","2009-11-01 09:05:00",
"989","13","989","1999-11-02 09:10:00",
"990","13","990","1973-05-26 01:25:10",
"991","17","991","2009-08-09 06:12:35",
"992","8","992","1981-10-14 21:05:40",
"993","11","993","1998-11-16 20:39:24",
"994","12","994","2012-01-08 14:20:25",
"995","14","995","1990-11-09 04:40:20",
"996","6","996","1988-08-14 16:16:37",
"997","5","997","2005-11-10 09:01:51",
"998","4","998","1978-06-26 19:04:21",
"999","16","999","1971-03-26 11:11:52",
"1000","14","1000","1982-06-05 09:56:40",
"1001","9","1001","1988-02-24 09:32:05",
"1002","12","1002","1983-04-11 02:41:06",
"1003","2","1003","2007-01-03 17:02:14",
"1004","20","1004","2010-03-28 15:36:54",
"1005","6","1005","1988-06-15 01:06:10",
"1006","9","1006","2016-02-26 21:09:01",
"1007","1","1007","2003-11-21 05:03:47",
"1008","14","1008","1977-12-06 03:43:42",
"1009","20","1009","2004-02-29 06:20:19",
"1010","9","1010","1987-03-07 22:36:42",
"1011","3","1011","1971-01-13 15:04:33",
"1012","3","1012","2008-04-09 11:08:10",
"1013","15","1013","1973-09-28 15:01:44",
"1014","2","1014","1980-10-16 06:55:47",
"1015","5","1015","1976-07-01 02:00:34",
"1016","10","1016","1989-10-14 15:40:34",
"1017","8","1017","1995-08-24 10:36:42",
"1018","16","1018","1987-06-12 01:46:39",
"1019","4","1019","2016-11-12 01:35:00",
"1020","15","1020","1977-04-17 03:51:25",
"1021","9","1021","1997-03-04 23:08:04",
"1022","13","1022","2006-07-01 15:03:55",
"1023","2","1023","1972-01-12 09:23:42",
"1024","12","1024","2021-02-05 04:34:17",
"1025","1","1025","2012-04-10 10:47:59",
"1026","2","1026","1986-10-10 08:54:16",
"1027","20","1027","2007-04-06 04:51:05",
"1028","13","1028","1985-09-03 07:05:16",
"1029","9","1029","1999-08-10 22:54:02",
"1030","8","1030","1978-05-16 13:11:08",
"1031","2","1031","2018-08-05 05:14:45",
"1032","6","1032","2000-04-09 11:03:25",
"1033","20","1033","1994-08-07 05:57:18",
"1034","13","1034","1979-06-16 11:22:26",
"1035","11","1035","1979-06-17 17:18:54",
"1036","10","1036","2006-06-29 11:34:56",
"1037","16","1037","1986-02-18 05:30:43",
"1038","19","1038","2018-10-18 12:43:27",
"1039","1","1039","1999-03-04 22:39:47",
"1040","14","1040","2012-06-11 04:53:11",
"1041","19","1041","1985-09-20 22:41:35",
"1042","12","1042","1987-07-13 23:31:33",
"1043","8","1043","1976-10-21 16:39:59",
"1044","9","1044","1983-05-10 08:28:12",
"1045","18","1045","2000-05-30 11:48:03",
"1046","5","1046","2014-07-29 09:11:17",
"1047","7","1047","1992-04-10 09:17:13",
"1048","14","1048","2016-09-12 14:22:26",
"1049","5","1049","1970-03-20 05:30:45",
"1050","15","1050","2003-06-26 10:27:15",
"1051","19","1051","2009-08-25 18:33:03",
"1052","13","1052","1978-01-02 04:14:31",
"1053","2","1053","1971-11-16 16:31:21",
"1054","12","1054","1996-10-29 11:24:36",
"1055","19","1055","1990-02-04 17:56:35",
"1056","8","1056","2011-04-24 19:32:10",
"1057","11","1057","2010-04-11 14:54:19",
"1058","8","1058","2008-12-07 07:34:36",
"1059","3","1059","1988-12-03 11:17:45",
"1060","9","1060","1988-03-12 20:30:48",
"1061","5","1061","1986-08-15 00:01:39",
"1062","14","1062","2013-06-18 07:44:04",
"1063","16","1063","1984-04-05 11:24:44",
"1064","18","1064","1973-01-28 15:15:30",
"1065","12","1065","2016-08-11 15:20:22",
"1066","17","1066","1991-03-19 04:11:50",
"1067","6","1067","1999-03-18 21:44:06",
"1068","12","1068","2011-11-23 18:01:59",
"1069","2","1069","1998-03-09 17:31:09",
"1070","10","1070","2012-11-18 08:13:44",
"1071","16","1071","2020-06-12 16:29:32",
"1072","12","1072","1991-10-30 09:17:26",
"1073","2","1073","2008-02-01 16:52:20",
"1074","7","1074","2019-10-30 10:25:05",
"1075","11","1075","1995-01-05 21:58:02",
"1076","13","1076","2019-07-10 07:56:15",
"1077","2","1077","1997-08-29 03:17:10",
"1078","13","1078","2014-12-04 22:35:57",
"1079","2","1079","2000-12-03 14:03:25",
"1080","20","1080","1997-01-27 10:48:44",
"1081","19","1081","2005-08-01 21:54:24",
"1082","14","1082","1999-10-23 23:25:39",
"1083","19","1083","2017-08-11 09:29:47",
"1084","3","1084","1988-02-27 04:13:00",
"1085","5","1085","1973-09-20 17:23:59",
"1086","13","1086","1990-04-19 04:09:12",
"1087","18","1087","1992-06-20 13:21:10",
"1088","18","1088","1972-07-23 09:41:46",
"1089","5","1089","1987-09-01 06:15:56",
"1090","15","1090","2011-05-23 13:59:36",
"1091","9","1091","1981-02-14 00:29:45",
"1092","11","1092","1996-04-28 11:25:10",
"1093","8","1093","2003-10-01 05:16:09",
"1094","7","1094","1985-09-29 05:30:51",
"1095","4","1095","1995-06-02 18:29:58",
"1096","17","1096","1987-08-28 19:59:58",
"1097","9","1097","2002-12-21 02:25:40",
"1098","5","1098","1988-07-24 05:29:52",
"1099","1","1099","1990-04-09 14:00:12",
"1100","8","1100","2020-07-08 15:08:04",
"1101","17","1101","1978-12-21 15:02:00",
"1102","15","1102","2017-12-02 12:10:03",
"1103","13","1103","1994-07-18 12:38:44",
"1104","19","1104","1991-11-26 15:10:15",
"1105","18","1105","1998-07-23 00:35:34",
"1106","3","1106","1998-03-08 06:35:21",
"1107","2","1107","1990-07-16 12:21:19",
"1108","13","1108","2019-05-13 04:39:55",
"1109","8","1109","2018-02-23 04:50:08",
"1110","20","1110","1974-06-15 16:35:20",
"1111","4","1111","1996-10-18 03:07:41",
"1112","1","1112","1998-03-31 00:55:06",
"1113","18","1113","2008-05-05 22:42:52",
"1114","6","1114","2003-02-08 18:00:19",
"1115","8","1115","2014-05-16 11:18:27",
"1116","20","1116","1982-11-04 10:57:50",
"1117","3","1117","2012-05-09 08:33:29",
"1118","9","1118","2010-05-21 11:51:09",
"1119","15","1119","1991-03-23 08:05:45",
"1120","20","1120","1990-06-09 16:19:10",
"1121","8","1121","2010-08-01 13:40:30",
"1122","16","1122","1984-07-05 23:10:32",
"1123","18","1123","1998-04-27 10:17:04",
"1124","2","1124","1981-10-07 14:52:11",
"1125","2","1125","2018-09-17 21:57:11",
"1126","18","1126","2005-12-14 20:19:42",
"1127","20","1127","1970-12-11 13:19:33",
"1128","10","1128","2007-04-01 17:11:23",
"1129","2","1129","1987-03-09 05:10:46",
"1130","9","1130","2018-02-20 01:21:30",
"1131","2","1131","2006-07-24 03:20:51",
"1132","12","1132","1974-09-05 12:28:11",
"1133","12","1133","1975-01-12 10:51:59",
"1134","19","1134","2008-01-14 20:08:09",
"1135","16","1135","2019-06-23 01:19:33",
"1136","2","1136","2013-05-21 03:00:47",
"1137","2","1137","1975-11-03 12:04:08",
"1138","3","1138","1976-08-04 21:05:17",
"1139","12","1139","2011-05-08 19:43:11",
"1140","20","1140","2000-06-08 12:40:20",
"1141","3","1141","2015-10-15 02:55:08",
"1142","3","1142","1992-11-17 00:36:22",
"1143","4","1143","2016-11-09 04:43:36",
"1144","9","1144","1998-05-06 03:07:57",
"1145","12","1145","1983-05-13 17:09:41",
"1146","7","1146","1974-03-11 12:49:18",
"1147","17","1147","2003-12-11 16:52:25",
"1148","13","1148","1988-03-09 07:51:09",
"1149","6","1149","1984-10-05 02:03:04",
"1150","14","1150","2006-05-07 23:55:07",
"1151","4","1151","1983-11-02 14:36:07",
"1152","17","1152","2015-03-13 21:22:22",
"1153","15","1153","1982-07-17 09:45:25",
"1154","10","1154","1974-09-30 05:33:58",
"1155","7","1155","1984-08-17 20:47:49",
"1156","11","1156","2013-03-28 15:10:33",
"1157","11","1157","1991-04-13 21:54:29",
"1158","9","1158","1975-02-10 10:55:35",
"1159","11","1159","1975-04-12 06:13:24",
"1160","3","1160","1987-02-16 05:42:20",
"1161","9","1161","2016-03-18 07:38:24",
"1162","13","1162","1986-02-05 16:01:07",
"1163","10","1163","1977-09-12 07:17:44",
"1164","8","1164","1999-12-29 11:34:38",
"1165","7","1165","2010-06-21 11:46:31",
"1166","12","1166","2010-06-08 07:18:18",
"1167","1","1167","1977-02-09 15:38:10",
"1168","2","1168","1971-03-29 15:53:53",
"1169","11","1169","2013-02-26 06:03:20",
"1170","17","1170","1978-04-03 20:06:37",
"1171","5","1171","2016-02-14 19:30:06",
"1172","3","1172","1974-01-09 21:25:20",
"1173","17","1173","1992-08-28 14:42:21",
"1174","2","1174","1972-12-12 03:39:03",
"1175","18","1175","1987-03-06 16:55:14",
"1176","16","1176","1973-09-22 19:34:24",
"1177","2","1177","1978-07-09 04:46:29",
"1178","10","1178","1994-06-04 16:51:04",
"1179","7","1179","1999-07-26 14:04:50",
"1180","1","1180","2010-08-08 01:49:06",
"1181","17","1181","2008-06-18 08:49:33",
"1182","11","1182","1976-06-19 05:13:42",
"1183","17","1183","1987-01-14 06:13:09",
"1184","6","1184","2001-10-08 19:27:06",
"1185","3","1185","2005-09-06 21:57:13",
"1186","14","1186","2008-06-17 05:47:54",
"1187","20","1187","2014-01-17 15:22:37",
"1188","12","1188","2012-07-20 04:52:12",
"1189","3","1189","2021-02-10 05:59:52",
"1190","11","1190","1997-01-29 12:10:09",
"1191","20","1191","2008-08-02 08:04:54",
"1192","15","1192","1971-05-22 10:56:18",
"1193","6","1193","2012-07-25 02:15:25",
"1194","10","1194","1990-02-02 05:04:44",
"1195","11","1195","2000-12-16 05:55:38",
"1196","6","1196","2011-07-02 15:01:39",
"1197","14","1197","1976-10-24 15:33:43",
"1198","12","1198","2005-01-27 08:59:54",
"1199","3","1199","1989-06-14 05:10:15",
"1200","16","1200","1991-05-13 08:42:44",
"1201","4","1201","1980-12-26 03:52:09",
"1202","18","1202","1973-04-02 08:02:39",
"1203","11","1203","1994-08-14 16:05:06",
"1204","13","1204","2010-10-15 18:51:13",
"1205","5","1205","1991-01-22 19:38:38",
"1206","13","1206","2003-06-16 06:27:10",
"1207","10","1207","2019-06-27 02:53:41",
"1208","9","1208","1979-07-18 01:44:36",
"1209","15","1209","1997-07-03 16:29:21",
"1210","6","1210","1980-09-20 21:41:19",
"1211","9","1211","1991-07-29 15:44:00",
"1212","5","1212","1985-07-04 18:39:13",
"1213","15","1213","1995-10-30 03:38:41",
"1214","13","1214","1990-07-21 07:38:45",
"1215","1","1215","1973-02-20 07:18:25",
"1216","3","1216","2004-03-29 20:49:11",
"1217","13","1217","1995-08-02 11:34:49",
"1218","14","1218","1998-09-08 12:09:29",
"1219","5","1219","1980-01-06 04:28:27",
"1220","13","1220","1970-05-12 13:12:02",
"1221","4","1221","1980-05-07 04:34:16",
"1222","5","1222","1983-01-07 09:45:00",
"1223","1","1223","1977-05-26 23:44:18",
"1224","20","1224","1996-10-12 13:40:17",
"1225","16","1225","2004-07-03 00:31:34",
"1226","1","1226","1983-05-03 08:43:35",
"1227","11","1227","1994-12-22 00:03:25",
"1228","17","1228","1997-03-31 18:10:28",
"1229","20","1229","2015-03-02 08:50:25",
"1230","1","1230","2017-07-20 04:53:47",
"1231","18","1231","2021-05-16 16:32:52",
"1232","1","1232","1983-12-04 13:11:01",
"1233","8","1233","1979-08-06 18:13:17",
"1234","5","1234","1985-02-13 10:36:27",
"1235","13","1235","2006-03-01 01:55:30",
"1236","10","1236","1979-11-01 16:53:44",
"1237","19","1237","1996-12-23 17:06:12",
"1238","16","1238","1993-05-28 00:48:51",
"1239","6","1239","1981-06-02 04:00:51",
"1240","10","1240","1983-03-30 08:39:22",
"1241","7","1241","2006-11-12 20:20:20",
"1242","4","1242","2005-03-08 20:04:23",
"1243","1","1243","2012-04-11 13:09:23",
"1244","9","1244","1970-06-11 01:22:49",
"1245","9","1245","1982-05-03 09:11:41",
"1246","12","1246","1975-04-22 11:39:00",
"1247","6","1247","1994-11-11 19:08:40",
"1248","19","1248","1998-11-16 15:43:49",
"1249","6","1249","1988-08-03 16:14:56",
"1250","7","1250","1974-07-31 01:04:01",
"1251","16","1251","1984-03-14 01:09:57",
"1252","4","1252","2008-01-06 13:27:37",
"1253","2","1253","1987-09-24 01:15:05",
"1254","3","1254","2003-08-15 18:57:20",
"1255","20","1255","1988-05-12 07:30:20",
"1256","1","1256","1998-12-23 23:02:03",
"1257","15","1257","1988-10-07 16:20:28",
"1258","18","1258","2007-04-25 09:53:00",
"1259","4","1259","2021-07-14 19:27:12",
"1260","4","1260","1989-01-01 21:43:45",
"1261","19","1261","1991-01-18 06:18:16",
"1262","12","1262","1972-01-14 05:13:01",
"1263","10","1263","2004-09-25 05:41:42",
"1264","10","1264","1990-04-17 02:14:46",
"1265","2","1265","2007-08-01 14:16:05",
"1266","1","1266","2011-05-29 13:47:43",
"1267","19","1267","1991-04-26 06:02:37",
"1268","18","1268","1971-12-30 21:14:15",
"1269","19","1269","1985-10-10 16:57:06",
"1270","17","1270","1983-07-18 02:16:20",
"1271","5","1271","1986-03-13 09:05:58",
"1272","7","1272","2016-07-15 17:13:37",
"1273","17","1273","2006-08-05 15:20:18",
"1274","2","1274","1970-01-29 05:47:34",
"1275","16","1275","1978-10-06 14:01:04",
"1276","6","1276","2005-07-19 14:37:06",
"1277","10","1277","2005-12-26 17:07:08",
"1278","5","1278","1998-12-02 12:33:54",
"1279","15","1279","2016-08-22 05:21:36",
"1280","20","1280","2015-01-01 02:57:25",
"1281","14","1281","1975-10-10 18:09:12",
"1282","13","1282","1978-09-15 21:10:35",
"1283","15","1283","1970-08-15 04:31:56",
"1284","11","1284","2005-12-05 01:46:09",
"1285","10","1285","1979-03-20 01:40:29",
"1286","13","1286","1998-09-26 04:16:41",
"1287","14","1287","1988-04-28 07:52:13",
"1288","12","1288","2009-05-24 08:11:18",
"1289","16","1289","2008-09-19 05:46:42",
"1290","6","1290","1971-05-31 03:48:41",
"1291","1","1291","1998-11-21 18:57:12",
"1292","7","1292","1989-01-15 05:45:49",
"1293","4","1293","1996-11-19 14:11:47",
"1294","6","1294","1976-02-19 20:24:54",
"1295","10","1295","2006-08-27 10:06:45",
"1296","9","1296","1991-01-27 14:20:15",
"1297","5","1297","2002-10-29 08:44:15",
"1298","20","1298","2006-10-21 14:07:14",
"1299","19","1299","1994-07-07 23:03:49",
"1300","3","1300","1994-03-21 10:52:13",
"1301","6","1301","2008-05-03 10:59:57",
"1302","11","1302","1973-09-17 04:12:06",
"1303","4","1303","1974-05-27 16:29:42",
"1304","19","1304","1978-12-27 17:59:57",
"1305","3","1305","1995-12-09 07:44:17",
"1306","11","1306","1999-08-19 18:40:39",
"1307","19","1307","2009-04-09 19:37:42",
"1308","20","1308","1982-03-26 14:50:29",
"1309","1","1309","1972-03-10 10:04:08",
"1310","5","1310","1970-09-17 21:21:12",
"1311","10","1311","1985-01-15 06:28:04",
"1312","4","1312","1996-06-06 22:26:14",
"1313","11","1313","2004-11-19 19:13:00",
"1314","17","1314","2007-09-20 07:08:17",
"1315","1","1315","2018-09-11 21:06:53",
"1316","7","1316","2017-06-15 13:44:08",
"1317","17","1317","1995-05-31 14:04:54",
"1318","1","1318","2002-12-19 11:11:16",
"1319","2","1319","1986-09-30 01:49:21",
"1320","1","1320","2002-05-09 09:17:36",
"1321","20","1321","2013-03-25 17:01:15",
"1322","13","1322","2015-11-24 14:48:20",
"1323","11","1323","2004-04-27 03:32:11",
"1324","4","1324","1977-02-19 15:33:50",
"1325","4","1325","1971-06-30 08:59:47",
"1326","9","1326","1999-04-27 05:29:30",
"1327","3","1327","1990-10-12 08:02:17",
"1328","15","1328","2001-05-18 10:17:04",
"1329","13","1329","1972-12-09 11:53:51",
"1330","17","1330","2010-07-10 12:19:52",
"1331","9","1331","1975-09-18 04:01:13",
"1332","17","1332","2013-12-10 22:20:10",
"1333","17","1333","1990-12-05 20:13:12",
"1334","6","1334","1985-09-27 14:20:57",
"1335","13","1335","1995-04-16 22:48:18",
"1336","7","1336","1995-10-20 06:28:52",
"1337","11","1337","1986-02-12 15:22:00",
"1338","5","1338","1974-12-22 22:35:42",
"1339","18","1339","1981-02-14 16:33:13",
"1340","4","1340","1976-03-04 00:10:15",
"1341","2","1341","2000-08-16 23:58:21",
"1342","6","1342","1973-02-23 23:17:11",
"1343","6","1343","1974-03-10 02:41:37",
"1344","17","1344","2013-03-27 13:45:17",
"1345","19","1345","1994-10-16 21:21:19",
"1346","8","1346","1971-07-18 13:50:43",
"1347","4","1347","2016-07-24 12:42:48",
"1348","10","1348","1976-07-15 16:28:11",
"1349","2","1349","1983-01-11 05:31:29",
"1350","10","1350","2010-09-30 08:08:24",
"1351","7","1351","1991-09-21 23:29:46",
"1352","15","1352","1997-03-11 10:05:39",
"1353","15","1353","1992-11-14 07:45:05",
"1354","7","1354","2008-02-25 19:34:12",
"1355","5","1355","2005-06-28 09:25:39",
"1356","19","1356","1985-05-05 06:44:49",
"1357","13","1357","1970-11-11 15:32:03",
"1358","20","1358","1997-04-21 06:27:50",
"1359","2","1359","2009-11-17 01:32:21",
"1360","20","1360","1978-05-09 06:09:44",
"1361","14","1361","1997-04-27 05:28:35",
"1362","12","1362","1990-10-06 10:56:04",
"1363","18","1363","1974-07-03 19:48:20",
"1364","9","1364","1972-07-21 14:44:14",
"1365","20","1365","2011-10-27 14:16:38",
"1366","6","1366","1994-06-23 21:22:51",
"1367","11","1367","1971-10-11 05:42:05",
"1368","19","1368","1973-11-21 15:42:30",
"1369","9","1369","2016-04-01 18:15:32",
"1370","10","1370","1974-12-05 06:08:04",
"1371","10","1371","1992-01-21 00:13:49",
"1372","18","1372","1997-08-16 19:48:31",
"1373","19","1373","1989-02-15 16:42:09",
"1374","13","1374","2001-06-23 07:39:28",
"1375","9","1375","1989-02-09 10:13:30",
"1376","5","1376","2014-10-02 21:55:01",
"1377","7","1377","1993-07-23 00:34:11",
"1378","10","1378","1973-11-29 16:20:40",
"1379","4","1379","2003-09-15 23:05:50",
"1380","17","1380","2020-12-21 08:49:49",
"1381","18","1381","1984-09-11 03:36:11",
"1382","14","1382","2012-02-18 05:58:54",
"1383","3","1383","1981-10-12 21:15:03",
"1384","13","1384","2006-10-05 00:26:03",
"1385","6","1385","2012-06-02 05:18:41",
"1386","12","1386","2006-04-04 00:28:34",
"1387","5","1387","1974-09-09 14:04:06",
"1388","16","1388","2004-07-01 12:52:28",
"1389","3","1389","1993-08-28 03:55:00",
"1390","13","1390","2009-09-03 15:06:41",
"1391","17","1391","1984-10-27 11:34:42",
"1392","3","1392","1988-04-04 17:27:48",
"1393","16","1393","2002-09-17 15:09:23",
"1394","18","1394","1987-06-03 19:31:04",
"1395","12","1395","1980-09-04 09:11:23",
"1396","9","1396","1975-02-12 05:35:27",
"1397","10","1397","1971-01-26 06:29:56",
"1398","5","1398","1994-12-10 02:39:11",
"1399","17","1399","1974-11-03 11:26:38",
"1400","19","1400","1992-04-21 18:36:38",
"1401","16","1401","1983-11-28 17:18:43",
"1402","19","1402","1985-12-02 19:22:54",
"1403","14","1403","2003-03-18 16:44:38",
"1404","8","1404","1994-06-17 23:57:57",
"1405","11","1405","2006-06-09 10:49:32",
"1406","17","1406","2000-05-05 19:45:52",
"1407","20","1407","1989-02-04 00:58:19",
"1408","12","1408","2001-10-04 22:20:15",
"1409","2","1409","1972-01-09 05:51:09",
"1410","17","1410","1994-10-12 11:20:21",
"1411","2","1411","1970-03-10 20:02:20",
"1412","11","1412","1981-08-11 12:17:27",
"1413","10","1413","1996-04-16 22:36:03",
"1414","8","1414","1999-02-20 18:23:12",
"1415","20","1415","2015-01-09 17:26:10",
"1416","19","1416","1989-01-24 01:13:58",
"1417","19","1417","2007-08-26 20:06:16",
"1418","15","1418","1973-04-09 14:47:27",
"1419","5","1419","1986-11-05 03:37:56",
"1420","6","1420","2004-05-26 09:40:05",
"1421","3","1421","2008-01-19 16:47:09",
"1422","15","1422","2016-06-08 07:23:16",
"1423","4","1423","2001-12-10 11:34:09",
"1424","7","1424","1970-04-22 17:23:45",
"1425","9","1425","1988-07-13 23:37:46",
"1426","10","1426","1998-03-08 23:23:29",
"1427","4","1427","1978-09-10 07:59:48",
"1428","12","1428","2019-04-19 00:41:33",
"1429","19","1429","1989-08-30 11:18:16",
"1430","6","1430","1993-04-19 15:44:14",
"1431","11","1431","2002-04-17 05:04:30",
"1432","13","1432","1975-06-26 20:08:23",
"1433","16","1433","1993-09-05 17:12:40",
"1434","4","1434","1993-01-09 13:16:50",
"1435","8","1435","1971-01-19 05:07:51",
"1436","3","1436","2009-03-07 12:24:23",
"1437","12","1437","2002-01-19 14:41:01",
"1438","5","1438","1984-09-09 13:25:25",
"1439","19","1439","2015-09-17 17:53:39",
"1440","14","1440","2001-12-20 01:14:41",
"1441","11","1441","1980-05-25 03:43:49",
"1442","19","1442","1981-05-09 08:57:37",
"1443","5","1443","1982-06-22 00:51:03",
"1444","4","1444","2021-08-09 18:19:05",
"1445","15","1445","2014-05-19 09:27:52",
"1446","4","1446","2021-06-19 01:04:31",
"1447","13","1447","1991-05-19 03:58:46",
"1448","6","1448","1989-06-23 17:38:18",
"1449","10","1449","1994-05-14 15:31:19",
"1450","10","1450","2018-04-15 16:11:21",
"1451","2","1451","1990-05-30 02:43:16",
"1452","13","1452","1974-10-22 15:38:16",
"1453","12","1453","2006-07-13 15:16:43",
"1454","8","1454","2011-11-26 00:58:46",
"1455","14","1455","1990-11-08 06:29:39",
"1456","19","1456","1978-06-02 13:16:09",
"1457","8","1457","1975-07-27 19:57:38",
"1458","9","1458","2010-11-05 09:20:14",
"1459","12","1459","1993-12-04 09:02:38",
"1460","20","1460","1998-06-16 05:42:41",
"1461","14","1461","1985-07-21 20:55:10",
"1462","10","1462","2005-03-31 17:42:49",
"1463","1","1463","2001-07-19 07:21:19",
"1464","17","1464","2007-01-11 13:21:38",
"1465","15","1465","1997-12-18 05:15:40",
"1466","13","1466","2012-03-05 19:56:45",
"1467","2","1467","2005-11-15 01:01:04",
"1468","14","1468","1980-01-21 23:54:30",
"1469","9","1469","1980-07-05 01:36:59",
"1470","13","1470","1981-03-09 14:35:09",
"1471","18","1471","2020-01-01 16:31:34",
"1472","4","1472","1996-07-23 07:57:12",
"1473","1","1473","1995-03-02 21:14:05",
"1474","3","1474","2012-01-25 20:22:07",
"1475","9","1475","2020-01-10 19:32:33",
"1476","9","1476","1993-01-25 02:43:43",
"1477","6","1477","1974-06-16 19:08:07",
"1478","5","1478","2018-06-12 10:16:05",
"1479","8","1479","1990-08-09 09:28:02",
"1480","20","1480","1977-12-14 18:18:37",
"1481","13","1481","1985-03-26 05:17:34",
"1482","9","1482","1995-07-11 19:32:57",
"1483","3","1483","1996-04-19 01:35:33",
"1484","6","1484","1988-03-10 21:17:57",
"1485","15","1485","1974-12-18 22:50:14",
"1486","14","1486","1985-09-22 01:49:16",
"1487","4","1487","2000-02-21 14:28:49",
"1488","5","1488","1992-11-10 20:31:54",
"1489","7","1489","2015-09-15 22:58:47",
"1490","14","1490","2012-08-03 04:13:48",
"1491","8","1491","1973-05-19 03:17:46",
"1492","17","1492","1973-01-05 16:24:13",
"1493","2","1493","1994-08-21 10:48:00",
"1494","1","1494","2014-09-04 20:43:24",
"1495","1","1495","2018-10-16 03:21:20",
"1496","16","1496","2019-10-01 15:55:36",
"1497","5","1497","2008-04-01 18:51:45",
"1498","19","1498","1983-11-02 19:38:43",
"1499","8","1499","2006-05-20 09:36:11",
"1500","5","1500","1997-02-21 17:52:30",
"1501","9","1501","1980-03-04 13:59:03",
"1502","8","1502","2008-09-25 13:17:22",
"1503","13","1503","1983-07-10 18:30:14",
"1504","11","1504","1987-02-09 18:48:41",
"1505","5","1505","1978-09-29 19:41:26",
"1506","13","1506","1975-07-24 02:28:29",
"1507","11","1507","1977-02-03 14:38:13",
"1508","18","1508","1991-12-11 06:39:44",
"1509","6","1509","2019-12-10 05:10:29",
"1510","16","1510","2003-03-09 01:25:42",
"1511","3","1511","1980-12-09 03:23:54",
"1512","3","1512","2009-09-11 09:10:51",
"1513","12","1513","2020-09-06 11:49:27",
"1514","1","1514","2015-06-18 10:13:49",
"1515","5","1515","2009-08-29 18:06:46",
"1516","4","1516","1987-02-08 15:07:09",
"1517","18","1517","2020-03-06 22:39:30",
"1518","18","1518","1977-08-25 16:40:51",
"1519","4","1519","2008-03-21 10:26:52",
"1520","11","1520","2012-08-04 02:52:00",
"1521","1","1521","2020-10-14 18:07:38",
"1522","10","1522","2010-07-19 20:39:11",
"1523","2","1523","2007-08-27 01:48:36",
"1524","12","1524","2015-01-04 15:53:07",
"1525","20","1525","1987-06-25 20:09:02",
"1526","7","1526","1986-06-29 17:10:19",
"1527","13","1527","2011-06-22 03:37:32",
"1528","8","1528","2008-02-07 16:42:23",
"1529","10","1529","2008-01-21 11:01:32",
"1530","6","1530","2002-06-01 09:56:15",
"1531","8","1531","1994-11-06 06:46:55",
"1532","20","1532","2016-11-13 08:51:36",
"1533","8","1533","2005-11-07 08:31:05",
"1534","1","1534","1986-07-12 10:19:29",
"1535","13","1535","2003-05-29 00:04:01",
"1536","14","1536","1983-12-29 19:07:40",
"1537","15","1537","2013-03-04 22:39:15",
"1538","15","1538","1981-07-18 17:32:55",
"1539","3","1539","1978-01-19 00:00:59",
"1540","5","1540","1990-08-12 04:03:06",
"1541","8","1541","2005-11-28 18:43:02",
"1542","6","1542","2016-12-01 14:58:34",
"1543","17","1543","2011-06-21 00:08:33",
"1544","8","1544","1985-12-20 17:04:57",
"1545","4","1545","1983-03-12 05:27:05",
"1546","10","1546","2009-06-22 00:06:15",
"1547","8","1547","1975-08-17 00:52:06",
"1548","19","1548","1973-02-04 15:37:48",
"1549","17","1549","1986-02-26 01:31:30",
"1550","5","1550","2011-11-28 00:53:38",
"1551","12","1551","1992-08-13 23:17:55",
"1552","14","1552","2019-06-06 09:09:47",
"1553","6","1553","1992-01-23 04:27:05",
"1554","6","1554","1998-07-31 15:05:35",
"1555","2","1555","1985-04-20 11:12:44",
"1556","19","1556","2019-01-06 09:25:24",
"1557","20","1557","2010-12-31 17:15:08",
"1558","18","1558","1993-10-31 15:23:49",
"1559","10","1559","2020-03-08 00:43:49",
"1560","14","1560","1993-01-01 20:02:32",
"1561","14","1561","2001-09-01 07:43:58",
"1562","12","1562","2017-09-21 14:59:59",
"1563","15","1563","1975-12-08 02:30:30",
"1564","7","1564","1983-09-21 05:29:47",
"1565","14","1565","1977-06-03 01:25:24",
"1566","11","1566","1986-10-14 14:47:17",
"1567","13","1567","1977-09-13 15:04:14",
"1568","10","1568","1999-03-15 12:30:34",
"1569","19","1569","1973-04-14 05:20:03",
"1570","11","1570","2019-07-08 07:02:22",
"1571","8","1571","1976-07-15 04:40:30",
"1572","10","1572","1995-06-29 20:27:30",
"1573","5","1573","2009-02-07 03:54:30",
"1574","13","1574","2020-03-04 16:15:42",
"1575","19","1575","1980-10-09 19:46:52",
"1576","11","1576","2004-11-22 17:36:21",
"1577","17","1577","1974-08-10 20:45:56",
"1578","9","1578","2001-04-20 20:03:23",
"1579","16","1579","1980-06-03 07:35:13",
"1580","4","1580","2013-05-21 19:59:03",
"1581","13","1581","1972-08-18 19:16:05",
"1582","3","1582","1993-02-08 12:00:06",
"1583","9","1583","1995-06-17 17:09:05",
"1584","8","1584","1992-11-22 22:37:12",
"1585","8","1585","1987-03-19 22:25:13",
"1586","5","1586","1981-12-11 08:28:06",
"1587","9","1587","2019-02-20 05:27:35",
"1588","8","1588","1990-02-09 06:28:33",
"1589","2","1589","1985-03-28 13:40:30",
"1590","8","1590","1983-06-02 13:59:18",
"1591","8","1591","2018-10-18 07:28:12",
"1592","6","1592","1991-02-14 10:23:30",
"1593","1","1593","1973-07-19 15:36:46",
"1594","10","1594","1985-08-12 23:01:15",
"1595","5","1595","1996-09-22 05:39:24",
"1596","16","1596","1986-03-29 06:06:13",
"1597","5","1597","1979-06-29 18:34:35",
"1598","18","1598","1976-07-24 15:29:48",
"1599","15","1599","1984-10-20 13:02:49",
"1600","14","1600","2005-07-26 12:09:06",
"1601","20","1601","2002-05-17 06:17:22",
"1602","8","1602","1972-06-30 17:54:29",
"1603","20","1603","2014-05-05 16:24:02",
"1604","4","1604","2003-06-13 02:54:29",
"1605","16","1605","2014-03-30 09:57:46",
"1606","5","1606","2018-12-07 12:48:41",
"1607","19","1607","1987-03-26 02:27:00",
"1608","16","1608","2010-11-03 05:22:24",
"1609","20","1609","2014-04-26 03:03:47",
"1610","6","1610","2010-04-14 15:52:03",
"1611","1","1611","2006-01-28 09:03:16",
"1612","18","1612","2008-11-04 19:33:49",
"1613","13","1613","2008-03-24 00:48:10",
"1614","13","1614","1979-05-03 04:34:08",
"1615","11","1615","2002-02-03 21:49:20",
"1616","3","1616","2013-04-02 23:36:31",
"1617","11","1617","2008-01-12 10:09:25",
"1618","2","1618","2017-04-02 09:02:47",
"1619","11","1619","1975-12-18 00:45:22",
"1620","9","1620","1976-04-13 14:23:15",
"1621","15","1621","2011-07-17 07:31:21",
"1622","18","1622","2016-07-11 21:27:18",
"1623","6","1623","1978-04-01 21:12:44",
"1624","8","1624","1973-08-04 05:47:36",
"1625","17","1625","1971-10-03 03:12:25",
"1626","7","1626","1989-03-28 10:08:48",
"1627","2","1627","2015-10-19 07:00:10",
"1628","5","1628","1984-04-04 16:18:47",
"1629","7","1629","1971-01-16 08:51:49",
"1630","15","1630","2010-07-26 01:13:30",
"1631","3","1631","1975-01-24 00:13:29",
"1632","18","1632","2006-05-29 00:02:47",
"1633","6","1633","1978-05-26 21:12:48",
"1634","15","1634","1976-03-25 16:12:16",
"1635","19","1635","1993-06-02 17:02:51",
"1636","19","1636","2003-05-13 05:54:46",
"1637","4","1637","2006-12-13 23:55:14",
"1638","15","1638","2010-08-12 21:56:06",
"1639","1","1639","1987-04-28 05:21:30",
"1640","11","1640","2014-07-06 08:18:37",
"1641","15","1641","1997-01-25 16:54:04",
"1642","8","1642","1989-08-24 05:22:53",
"1643","8","1643","1979-11-13 09:22:38",
"1644","8","1644","1985-04-24 17:57:38",
"1645","16","1645","1999-08-12 01:34:00",
"1646","2","1646","2002-08-23 05:08:04",
"1647","14","1647","1993-11-26 12:49:49",
"1648","13","1648","2014-11-10 20:21:07",
"1649","7","1649","2013-09-04 10:25:56",
"1650","7","1650","1991-06-03 00:47:28",
"1651","14","1651","1982-08-14 04:49:50",
"1652","17","1652","1986-01-14 04:09:47",
"1653","2","1653","2018-11-22 11:45:38",
"1654","18","1654","2013-05-28 10:20:03",
"1655","18","1655","1970-02-11 14:32:50",
"1656","13","1656","2003-10-28 18:41:22",
"1657","17","1657","2021-02-19 20:28:54",
"1658","17","1658","2015-02-25 23:54:29",
"1659","5","1659","1988-10-22 20:59:44",
"1660","4","1660","1974-02-19 23:56:51",
"1661","1","1661","2020-10-26 18:55:13",
"1662","20","1662","1996-11-19 11:16:21",
"1663","18","1663","2002-06-11 08:12:03",
"1664","19","1664","2017-05-24 14:09:57",
"1665","3","1665","1989-03-11 08:50:43",
"1666","19","1666","1981-08-07 07:17:30",
"1667","16","1667","1996-08-05 01:35:09",
"1668","10","1668","2006-03-29 09:44:40",
"1669","1","1669","1999-01-25 23:02:30",
"1670","3","1670","1973-10-21 11:24:09",
"1671","9","1671","2004-08-18 05:52:01",
"1672","16","1672","1993-08-28 13:49:27",
"1673","3","1673","1980-02-23 09:13:34",
"1674","11","1674","2005-06-25 02:49:02",
"1675","9","1675","2021-10-14 23:15:15",
"1676","5","1676","1971-09-17 07:02:52",
"1677","3","1677","2002-09-03 08:29:00",
"1678","7","1678","1970-01-17 14:00:44",
"1679","14","1679","1971-07-22 13:37:05",
"1680","1","1680","1985-08-27 10:31:37",
"1681","5","1681","1979-05-26 22:00:58",
"1682","1","1682","1991-03-31 13:02:48",
"1683","2","1683","2011-08-08 14:23:56",
"1684","19","1684","1972-06-23 03:55:21",
"1685","3","1685","1994-12-02 03:32:38",
"1686","11","1686","2001-06-08 23:38:47",
"1687","14","1687","2003-01-15 06:30:50",
"1688","4","1688","1991-07-09 06:13:02",
"1689","11","1689","1997-03-20 15:36:27",
"1690","5","1690","2011-09-08 15:24:37",
"1691","17","1691","1990-02-08 11:00:28",
"1692","5","1692","2017-08-10 05:42:00",
"1693","18","1693","1998-11-01 03:52:10",
"1694","11","1694","1973-05-11 18:02:05",
"1695","14","1695","2013-02-25 15:30:39",
"1696","2","1696","2018-03-22 16:56:44",
"1697","10","1697","1987-12-22 08:15:43",
"1698","6","1698","2009-08-03 16:24:20",
"1699","18","1699","1997-07-13 22:01:54",
"1700","8","1700","2003-09-18 14:45:25",
"1701","6","1701","2008-05-29 23:53:45",
"1702","13","1702","2014-03-19 21:20:30",
"1703","19","1703","1992-08-03 17:12:32",
"1704","13","1704","1997-01-28 20:46:01",
"1705","10","1705","2007-12-16 04:46:18",
"1706","1","1706","2021-08-15 14:12:50",
"1707","3","1707","1993-12-02 12:20:12",
"1708","4","1708","2005-10-03 00:57:53",
"1709","18","1709","2018-08-20 16:44:37",
"1710","15","1710","1992-08-25 11:17:18",
"1711","3","1711","1972-07-13 16:16:22",
"1712","10","1712","1986-09-18 16:01:41",
"1713","6","1713","2010-04-10 06:08:15",
"1714","12","1714","1982-09-09 18:30:56",
"1715","1","1715","1981-09-28 01:04:45",
"1716","10","1716","2013-11-18 09:02:41",
"1717","15","1717","2006-12-30 16:11:21",
"1718","4","1718","2008-09-11 03:23:35",
"1719","8","1719","2007-10-10 21:03:15",
"1720","15","1720","2021-02-04 16:41:32",
"1721","7","1721","1975-11-28 14:59:41",
"1722","7","1722","1989-11-19 05:25:34",
"1723","4","1723","2002-03-16 10:02:27",
"1724","16","1724","1993-04-01 21:21:15",
"1725","17","1725","2009-06-12 08:13:47",
"1726","12","1726","2006-01-15 06:35:33",
"1727","10","1727","1980-02-09 23:54:08",
"1728","8","1728","2021-04-28 17:46:11",
"1729","2","1729","2012-07-20 12:19:39",
"1730","2","1730","2011-11-10 20:14:50",
"1731","20","1731","2003-08-19 00:52:51",
"1732","7","1732","2015-08-30 04:48:24",
"1733","6","1733","2013-08-10 18:00:35",
"1734","14","1734","1974-11-24 02:47:24",
"1735","8","1735","2001-09-14 07:30:28",
"1736","18","1736","1993-09-14 14:23:54",
"1737","13","1737","2017-03-21 18:33:20",
"1738","8","1738","1979-05-12 11:24:38",
"1739","16","1739","2012-06-30 05:56:41",
"1740","17","1740","2017-10-16 03:33:32",
"1741","6","1741","1978-02-22 06:58:57",
"1742","12","1742","2014-03-07 05:49:01",
"1743","12","1743","1992-03-28 16:43:54",
"1744","3","1744","1999-05-31 02:06:48",
"1745","6","1745","1981-02-17 18:47:16",
"1746","15","1746","1976-07-11 14:03:34",
"1747","13","1747","2014-01-03 11:14:04",
"1748","20","1748","1980-09-02 03:52:11",
"1749","16","1749","1996-11-28 18:46:26",
"1750","16","1750","1994-09-08 14:54:07",
"1751","15","1751","1998-04-20 19:56:04",
"1752","7","1752","2008-11-20 13:26:43",
"1753","9","1753","1990-08-10 00:35:50",
"1754","4","1754","2000-09-10 16:49:41",
"1755","20","1755","2001-09-16 09:53:53",
"1756","10","1756","2013-12-23 14:31:52",
"1757","20","1757","1975-12-04 23:16:59",
"1758","15","1758","1976-08-06 08:07:25",
"1759","13","1759","1997-09-22 08:38:37",
"1760","13","1760","2005-09-25 20:37:49",
"1761","12","1761","1993-01-13 01:45:40",
"1762","9","1762","1990-05-08 21:00:25",
"1763","5","1763","1981-02-24 23:55:03",
"1764","12","1764","1972-01-24 17:16:39",
"1765","19","1765","1984-04-04 02:34:48",
"1766","5","1766","1993-01-30 21:38:32",
"1767","14","1767","1993-11-23 23:54:10",
"1768","20","1768","1992-02-08 15:12:52",
"1769","17","1769","1970-08-28 03:01:14",
"1770","3","1770","2016-08-19 09:26:01",
"1771","14","1771","2017-08-20 09:35:32",
"1772","9","1772","2005-01-12 11:44:51",
"1773","12","1773","1978-04-19 15:23:54",
"1774","5","1774","1988-12-07 03:09:53",
"1775","14","1775","2018-06-13 09:09:18",
"1776","8","1776","2020-04-27 22:41:35",
"1777","4","1777","1972-09-10 19:14:28",
"1778","2","1778","1992-06-19 14:59:43",
"1779","8","1779","2005-01-20 06:29:39",
"1780","1","1780","1973-03-21 00:45:59",
"1781","2","1781","1975-12-21 13:03:30",
"1782","19","1782","1970-01-09 15:30:10",
"1783","20","1783","1998-03-03 11:46:50",
"1784","2","1784","2000-03-27 01:33:32",
"1785","3","1785","2000-12-25 04:04:16",
"1786","12","1786","1973-11-01 06:59:33",
"1787","8","1787","2020-09-17 10:30:03",
"1788","12","1788","2002-02-14 03:01:59",
"1789","14","1789","2010-03-30 21:41:22",
"1790","18","1790","2002-10-29 14:38:46",
"1791","12","1791","1996-01-25 17:36:08",
"1792","10","1792","1990-10-06 23:03:13",
"1793","8","1793","2001-06-29 21:11:44",
"1794","10","1794","1970-10-05 12:46:40",
"1795","7","1795","1975-08-06 17:06:20",
"1796","18","1796","2009-11-01 21:08:56",
"1797","5","1797","2011-12-16 06:09:04",
"1798","12","1798","1999-12-28 22:23:37",
"1799","3","1799","2001-10-08 05:39:11",
"1800","14","1800","2012-05-31 13:41:20",
"1801","6","1801","1975-10-06 06:24:48",
"1802","1","1802","1993-03-18 02:25:31",
"1803","15","1803","1999-05-03 23:02:15",
"1804","18","1804","2014-12-16 23:13:25",
"1805","20","1805","1979-12-19 10:09:03",
"1806","15","1806","1981-01-02 10:23:43",
"1807","12","1807","2015-01-04 13:06:12",
"1808","11","1808","1983-03-08 23:28:30",
"1809","5","1809","1989-05-16 20:13:49",
"1810","6","1810","2009-10-10 10:08:13",
"1811","16","1811","2018-06-21 00:37:03",
"1812","20","1812","2002-05-01 03:26:49",
"1813","7","1813","2011-07-27 11:21:50",
"1814","2","1814","2009-09-02 12:26:27",
"1815","3","1815","1976-03-03 17:10:25",
"1816","8","1816","2006-12-06 17:11:55",
"1817","13","1817","1974-05-03 16:47:32",
"1818","12","1818","2000-03-27 21:50:21",
"1819","18","1819","2006-07-10 16:17:33",
"1820","16","1820","2007-01-19 10:47:37",
"1821","17","1821","2009-12-09 10:58:19",
"1822","13","1822","1983-06-18 16:25:56",
"1823","9","1823","1978-02-09 19:19:12",
"1824","4","1824","1982-05-02 07:27:20",
"1825","19","1825","2014-12-27 03:49:56",
"1826","1","1826","1997-09-04 22:52:19",
"1827","7","1827","2015-12-12 10:08:09",
"1828","4","1828","2018-02-14 05:01:44",
"1829","15","1829","1983-06-24 05:56:46",
"1830","6","1830","1977-06-16 04:18:47",
"1831","4","1831","1983-05-20 06:36:40",
"1832","14","1832","2008-12-06 10:59:49",
"1833","16","1833","1993-08-13 07:38:39",
"1834","11","1834","2013-11-05 11:58:26",
"1835","20","1835","2016-04-25 17:59:34",
"1836","10","1836","2005-10-08 01:42:12",
"1837","13","1837","1995-07-27 10:37:15",
"1838","17","1838","1980-01-23 16:52:47",
"1839","20","1839","1985-09-17 17:15:00",
"1840","2","1840","2004-10-11 18:54:12",
"1841","6","1841","2006-03-22 09:32:29",
"1842","10","1842","2008-01-29 06:37:35",
"1843","17","1843","1981-06-03 21:58:34",
"1844","13","1844","1984-06-14 22:21:15",
"1845","8","1845","1970-02-01 10:57:07",
"1846","7","1846","2001-06-25 21:24:27",
"1847","5","1847","2005-03-23 07:52:24",
"1848","6","1848","1975-05-07 22:16:54",
"1849","14","1849","2017-09-16 17:58:12",
"1850","12","1850","1976-08-09 05:27:29",
"1851","1","1851","1981-09-26 02:00:57",
"1852","11","1852","1987-04-25 08:12:35",
"1853","3","1853","1984-04-07 10:37:21",
"1854","12","1854","1994-05-22 18:51:12",
"1855","15","1855","1986-03-25 18:04:27",
"1856","17","1856","2021-12-14 22:47:27",
"1857","14","1857","1989-09-27 12:09:31",
"1858","9","1858","1970-01-13 22:15:45",
"1859","5","1859","1979-10-06 23:27:15",
"1860","7","1860","2002-05-23 03:28:18",
"1861","1","1861","1987-05-05 13:38:00",
"1862","5","1862","2002-03-07 22:09:20",
"1863","5","1863","2001-05-24 03:47:34",
"1864","16","1864","2019-07-28 12:27:13",
"1865","2","1865","1984-07-02 06:53:44",
"1866","9","1866","1990-04-26 09:17:03",
"1867","20","1867","2017-08-18 18:49:48",
"1868","1","1868","1995-12-31 00:16:50",
"1869","7","1869","2005-09-03 06:33:01",
"1870","18","1870","1972-11-27 04:18:53",
"1871","12","1871","1977-09-06 16:46:18",
"1872","10","1872","2012-08-03 04:06:19",
"1873","15","1873","1970-04-12 04:20:06",
"1874","17","1874","1998-12-22 03:41:16",
"1875","6","1875","1994-09-13 20:17:38",
"1876","4","1876","1988-05-29 10:43:57",
"1877","17","1877","2020-07-16 07:10:01",
"1878","10","1878","2016-08-19 17:48:44",
"1879","8","1879","1973-07-29 23:38:12",
"1880","19","1880","1973-05-20 19:45:28",
"1881","18","1881","2016-03-06 21:19:34",
"1882","14","1882","1972-06-03 00:53:59",
"1883","4","1883","2007-04-23 23:02:59",
"1884","4","1884","1974-10-27 03:28:04",
"1885","5","1885","2017-12-12 18:16:02",
"1886","11","1886","2018-09-13 12:47:25",
"1887","14","1887","1985-05-06 20:00:31",
"1888","5","1888","1998-11-30 00:48:09",
"1889","12","1889","1990-03-15 00:28:54",
"1890","15","1890","2006-06-24 14:36:56",
"1891","18","1891","1997-01-01 06:59:25",
"1892","20","1892","2012-08-01 14:11:38",
"1893","16","1893","2008-03-01 12:44:03",
"1894","8","1894","1990-12-04 19:14:24",
"1895","8","1895","1996-12-04 02:24:41",
"1896","10","1896","1971-11-09 00:51:48",
"1897","19","1897","2003-03-24 04:15:47",
"1898","20","1898","1998-09-21 07:39:47",
"1899","4","1899","1978-10-10 18:29:03",
"1900","9","1900","2015-08-26 05:22:43",
"1901","8","1901","1987-04-01 22:05:24",
"1902","9","1902","2008-03-16 11:43:04",
"1903","17","1903","2009-03-14 20:38:40",
"1904","13","1904","2002-07-03 18:52:56",
"1905","8","1905","2021-06-10 04:53:43",
"1906","2","1906","1989-12-14 06:17:03",
"1907","5","1907","2018-02-11 08:33:57",
"1908","11","1908","2007-10-13 21:35:29",
"1909","9","1909","2010-02-03 12:26:32",
"1910","15","1910","2004-11-22 08:20:35",
"1911","14","1911","1973-10-23 23:04:37",
"1912","15","1912","2006-05-11 10:04:05",
"1913","12","1913","1972-05-16 17:00:46",
"1914","1","1914","2002-03-07 12:22:54",
"1915","1","1915","2019-05-08 23:47:10",
"1916","7","1916","1981-05-04 12:30:14",
"1917","14","1917","2000-11-17 14:35:13",
"1918","12","1918","2002-11-15 09:37:22",
"1919","7","1919","1987-11-23 23:27:00",
"1920","19","1920","1996-02-11 03:32:14",
"1921","16","1921","1990-07-30 01:41:57",
"1922","8","1922","1977-01-10 16:47:32",
"1923","9","1923","2002-10-29 03:56:17",
"1924","18","1924","2018-02-02 17:50:45",
"1925","12","1925","2010-11-08 03:14:46",
"1926","3","1926","1970-12-06 21:43:40",
"1927","16","1927","2002-04-25 10:44:35",
"1928","10","1928","1998-03-18 05:59:46",
"1929","16","1929","1972-08-07 16:02:15",
"1930","3","1930","2017-05-07 10:34:32",
"1931","18","1931","2007-01-12 17:54:55",
"1932","3","1932","2010-10-30 21:43:27",
"1933","5","1933","1987-11-03 00:35:43",
"1934","14","1934","2016-04-29 22:47:30",
"1935","15","1935","1970-03-21 14:11:32",
"1936","2","1936","1988-08-11 20:50:43",
"1937","19","1937","1997-07-29 12:21:51",
"1938","3","1938","1992-08-05 09:39:56",
"1939","11","1939","1970-06-09 03:36:49",
"1940","14","1940","1970-08-19 23:01:29",
"1941","17","1941","2000-07-26 21:11:43",
"1942","20","1942","1977-02-07 08:29:17",
"1943","18","1943","1990-08-31 09:22:16",
"1944","19","1944","1988-10-16 00:38:17",
"1945","5","1945","2006-02-14 02:41:09",
"1946","3","1946","2014-03-19 22:58:11",
"1947","2","1947","1985-07-26 05:47:51",
"1948","20","1948","1995-06-01 09:03:56",
"1949","4","1949","1981-03-03 03:51:55",
"1950","16","1950","1977-05-25 05:38:53",
"1951","17","1951","2021-10-03 00:54:02",
"1952","9","1952","1991-12-04 20:22:23",
"1953","7","1953","1988-07-27 18:41:10",
"1954","16","1954","2011-12-14 18:15:19",
"1955","11","1955","2005-06-09 13:58:37",
"1956","8","1956","2005-03-28 23:25:33",
"1957","6","1957","1988-06-25 11:10:23",
"1958","19","1958","2012-05-20 21:36:22",
"1959","10","1959","2004-01-08 18:32:16",
"1960","15","1960","2015-03-11 01:48:17",
"1961","11","1961","1973-12-30 02:38:58",
"1962","5","1962","2004-03-27 11:39:13",
"1963","13","1963","2000-08-21 01:40:36",
"1964","14","1964","1993-05-16 06:49:00",
"1965","15","1965","1970-04-28 08:09:38",
"1966","2","1966","1988-08-07 05:41:22",
"1967","17","1967","1992-09-24 13:07:07",
"1968","1","1968","1986-01-02 15:40:37",
"1969","18","1969","2006-09-13 20:20:49",
"1970","10","1970","1986-07-11 06:45:03",
"1971","16","1971","2013-03-06 07:06:14",
"1972","7","1972","2005-11-19 15:19:37",
"1973","20","1973","1987-09-06 21:22:07",
"1974","11","1974","2014-11-11 22:05:55",
"1975","17","1975","1973-10-10 13:13:44",
"1976","15","1976","2012-10-11 19:23:35",
"1977","8","1977","1982-08-11 11:08:55",
"1978","8","1978","1972-10-31 13:56:00",
"1979","5","1979","1988-09-11 19:09:15",
"1980","10","1980","1975-04-16 00:57:16",
"1981","17","1981","2011-02-07 19:36:00",
"1982","18","1982","2014-12-11 21:38:42",
"1983","15","1983","1996-10-02 17:47:14",
"1984","1","1984","1980-06-20 02:53:09",
"1985","13","1985","2012-08-05 09:35:52",
"1986","1","1986","1989-11-12 12:03:43",
"1987","8","1987","2000-08-29 10:49:07",
"1988","6","1988","1990-04-28 14:27:47",
"1989","17","1989","2001-08-06 18:01:42",
"1990","11","1990","2012-01-31 02:21:25",
"1991","11","1991","2018-06-16 10:07:40",
"1992","10","1992","2005-06-21 08:57:39",
"1993","5","1993","1993-05-21 18:09:02",
"1994","18","1994","2018-05-22 06:45:37",
"1995","14","1995","1984-08-15 06:56:05",
"1996","19","1996","2015-03-19 21:31:03",
"1997","17","1997","2007-06-20 13:43:41",
"1998","14","1998","2021-11-08 05:19:25",
"1999","12","1999","2001-12-05 20:03:20",
"2000","3","2000","1985-10-12 07:15:24",
